dimension,value,period,trades,profitable_rate,net_pnl,avg_net_pnl,median_net_pnl,max_drawdown,positive_days,negative_days,best_day,best_day_pnl,best_day_share,leave_best_day_out_pnl
direction_label,long,early_development,27,0.37037037,56.04002350,2.07555643,-14.47999900,183.76000700,6,6,2026-04-08,119.04001450,2.12419637,-62.99999100
direction_label,short,early_development,20,0.50000000,163.40007600,8.17000380,-1.47999900,141.33999150,8,4,2026-04-03,66.04002000,0.40416150,97.36005600
direction_label,long,final_test,54,0.61111111,1020.58003400,18.89963026,23.52000300,137.35999450,8,2,2026-05-28,441.79999050,0.43289108,578.78004350
direction_label,short,final_test,26,0.34615385,-174.97997950,-6.72999921,-25.97999625,344.05997250,3,5,2026-06-04,93.62000300,0.00000000,-268.59998250
direction_label,long,late_development,39,0.33333333,-332.72009000,-8.53128436,-19.97999800,375.60001700,5,12,2026-04-23,121.07996450,0.00000000,-453.80005450
direction_label,short,late_development,44,0.38636364,-196.11985800,-4.45726950,-19.47999800,359.09990750,7,13,2026-04-24,132.04001450,0.00000000,-328.15987250
direction_label,long,validation,10,1.00000000,640.20002850,64.02000285,55.51999575,0.00000000,4,0,2026-05-19,287.10000950,0.44845360,353.10001900
direction_label,short,validation,9,0.22222222,-193.81996550,-21.53555172,-25.98000000,261.87998400,1,3,2026-05-21,9.56001850,0.00000000,-203.37998400
volatility_regime,high,early_development,16,0.37500000,-51.18001250,-3.19875078,-14.97999800,198.78003850,4,4,2026-04-07,65.04001400,0.00000000,-116.22002650
volatility_regime,low,early_development,15,0.53333333,215.80008650,14.38667243,7.02000200,76.95997200,5,4,2026-04-15,96.04000400,0.44504155,119.76008250
volatility_regime,mid,early_development,16,0.37500000,54.82002550,3.42625159,-12.22999950,70.83998350,3,8,2026-04-06,105.04000050,1.91608814,-50.21997500
volatility_regime,high,final_test,39,0.71794872,910.27997900,23.34051228,39.01999750,135.41998200,6,2,2026-05-28,466.88001400,0.51289716,443.39996500
volatility_regime,low,final_test,19,0.31578947,17.88001600,0.94105347,-14.47999900,100.42001400,3,4,2026-06-01,70.04000900,3.91722295,-52.15999300
volatility_regime,mid,final_test,22,0.36363636,-82.55994050,-3.75272457,-23.72999900,204.63995750,4,6,2026-06-05,117.06001500,0.00000000,-199.61995550
volatility_regime,high,late_development,24,0.33333333,-212.02000500,-8.83416688,-19.47999800,364.18000200,8,6,2026-04-24,91.02000550,0.00000000,-303.04001050
volatility_regime,low,late_development,25,0.56000000,54.00000400,2.16000016,11.02000100,215.71997900,9,9,2026-04-22,78.02000200,1.44481474,-24.01999800
volatility_regime,mid,late_development,34,0.23529412,-370.81994700,-10.90646903,-25.47999925,501.57995650,4,12,2026-04-23,104.57998800,0.00000000,-475.39993500
volatility_regime,high,validation,12,0.75000000,399.74004400,33.31167033,37.52000375,58.98000800,4,0,2026-05-19,180.14000350,0.45064288,219.60004050
volatility_regime,low,validation,1,0.00000000,-54.47999450,-54.47999450,-54.47999450,54.47999450,0,1,2026-05-20,-54.47999450,0.00000000,0.00000000
volatility_regime,mid,validation,6,0.50000000,101.12001350,16.85333558,9.27000150,74.95998550,2,2,2026-05-20,107.02001300,1.05834651,-5.89999950
market_session,overnight,early_development,41,0.46341463,316.82009400,7.72731937,-14.47999900,206.07997700,9,5,2026-04-08,170.08000450,0.53683465,146.74008950
market_session,rth,early_development,6,0.16666667,-97.37999450,-16.22999908,-19.22999850,97.37999450,1,3,2026-04-09,17.02000050,0.00000000,-114.39999500
market_session,overnight,final_test,65,0.52307692,492.30006500,7.57384715,5.02000200,202.79998150,6,4,2026-05-28,383.42000200,0.77883395,108.88006300
market_session,rth,final_test,15,0.53333333,353.29998950,23.55333263,25.02000400,111.93996700,3,3,2026-05-29,206.57998100,0.58471550,146.72000850
market_session,overnight,late_development,66,0.37878788,-374.17996000,-5.66939333,-22.22999800,508.31992500,6,16,2026-04-24,184.06000050,0.00000000,-558.23996050
market_session,rth,late_development,17,0.29411765,-154.65998800,-9.09764635,-16.97999800,222.25999400,3,3,2026-05-14,44.02000000,0.00000000,-198.67998800
market_session,overnight,validation,15,0.73333333,529.80007350,35.32000490,37.02000550,79.95999250,5,0,2026-05-19,224.64001250,0.42400902,305.16006100
market_session,rth,validation,4,0.25000000,-83.42001050,-20.85500262,-42.48000400,145.43999450,1,2,2026-05-18,1.53999750,0.00000000,-84.96000800
depth_provenance,mostly_replay,early_development,47,0.42553191,219.44009950,4.66893829,-14.47999900,230.05997500,8,6,2026-04-08,170.08000450,0.77506347,49.36009500
depth_provenance,mostly_live,final_test,55,0.49090909,509.60011550,9.26545665,-1.98000050,155.29998150,5,4,2026-05-29,217.67998100,0.42715842,291.92013450
depth_provenance,mostly_replay,final_test,25,0.60000000,335.99993900,13.43999756,28.02000100,104.94001200,6,2,2026-05-28,168.61994100,0.50184515,167.37999800
depth_provenance,mostly_replay,late_development,83,0.36144578,-528.83994800,-6.37156564,-19.97999800,725.01990900,5,17,2026-04-24,184.06000050,0.00000000,-712.89994850
depth_provenance,mostly_live,validation,7,0.57142857,136.14000150,19.44857164,36.02000200,84.96000800,2,1,2026-05-19,126.09999950,0.92625237,10.04000200
depth_provenance,mostly_replay,validation,12,0.66666667,310.24006150,25.85333846,35.52000200,79.95999250,4,0,2026-05-20,200.58003850,0.64653171,109.66002300
volume_state,higher_volume,early_development,23,0.47826087,175.46006350,7.62869841,-9.98000000,118.87997700,8,4,2026-04-08,85.06000250,0.48478270,90.40006100
volume_state,lower_volume,early_development,24,0.37500000,43.98003600,1.83250150,-15.22999750,191.70001900,5,7,2026-04-06,105.04000050,2.38835640,-61.05996450
volume_state,higher_volume,final_test,35,0.34285714,-66.80001500,-1.90857186,-19.47999800,200.63997950,5,5,2026-05-28,98.21999700,0.00000000,-165.02001200
volume_state,lower_volume,final_test,45,0.66666667,912.40006950,20.27555710,25.02000400,133.41996300,8,2,2026-05-29,293.68000250,0.32187635,618.72006700
volume_state,higher_volume,late_development,38,0.34210526,-207.23997200,-5.45368347,-23.22999800,408.05995000,6,10,2026-04-24,143.03999150,0.00000000,-350.27996350
volume_state,lower_volume,late_development,45,0.37777778,-321.59997600,-7.14666613,-18.48000000,349.71998050,7,15,2026-04-30,67.04000350,0.00000000,-388.63997950
volume_state,higher_volume,validation,3,0.33333333,24.06002700,8.02000900,-14.47999900,74.95998550,1,2,2026-05-20,99.02001250,4.11554037,-74.95998550
volume_state,lower_volume,validation,16,0.68750000,422.32003600,26.39500225,36.52000375,79.95999250,5,0,2026-05-19,180.14000350,0.42654856,242.18003250
signed_delta_state,higher_signed_delta,early_development,24,0.41666667,101.98004850,4.24916869,-12.22999950,211.38001150,8,4,2026-04-06,63.02000050,0.61796402,38.96004800
signed_delta_state,lower_signed_delta,early_development,23,0.43478261,117.46005100,5.10695874,-14.97999800,112.39998600,5,6,2026-04-08,170.08000450,1.44798170,-52.61995350
signed_delta_state,higher_signed_delta,final_test,33,0.48484848,143.16007650,4.33818414,-1.98000050,142.85998950,5,3,2026-05-28,104.14002500,0.72743762,39.02005150
signed_delta_state,lower_signed_delta,final_test,47,0.55319149,702.43997800,14.94553145,19.02000000,151.39998450,6,3,2026-05-28,279.27997700,0.39758554,423.16000100
signed_delta_state,higher_signed_delta,late_development,41,0.39024390,-368.67997250,-8.99219445,-18.48000000,419.23996800,5,12,2026-04-24,93.03999500,0.00000000,-461.71996750
signed_delta_state,lower_signed_delta,late_development,42,0.33333333,-160.15997550,-3.81333275,-22.22999800,359.57995550,5,14,2026-05-14,140.06000300,0.00000000,-300.21997850
signed_delta_state,higher_signed_delta,validation,7,0.42857143,42.64003650,6.09143379,-14.47999900,60.47998650,2,2,2026-05-20,99.02001250,2.32223095,-56.37997600
signed_delta_state,lower_signed_delta,validation,12,0.75000000,403.74002650,33.64500221,43.52000475,58.98000800,5,0,2026-05-19,143.11999800,0.35448553,260.62002850
