period,feature,spearman_net_pnl,spearman_pvalue,profitable_median,unprofitable_median
early_development,risk_points,0.09524361,0.52423886,14.12500000,11.75000000
early_development,atr_14,-0.06460504,0.68439130,11.14285714,11.41071429
early_development,rv_15m_atr,-0.13155016,0.40629476,0.59759137,0.59793254
early_development,range_1m_atr,0.16016211,0.31096258,1.59188094,1.39817316
early_development,signed_ret_1m,0.06806419,0.64940617,0.00043956,0.00030932
early_development,signed_ret_5m,0.02566080,0.86557791,0.00064772,0.00040493
early_development,signed_ret_15m,-0.02528875,0.87369314,0.00053288,0.00042096
early_development,signed_ret_60m,-0.15577348,0.33713893,0.00002056,0.00079857
early_development,signed_dist_vwap_atr,0.14070923,0.37410326,1.40056126,1.06947728
early_development,volume_ratio_20,0.22006080,0.16140801,1.76933549,1.52233482
early_development,trades_ratio_20,0.23092200,0.14119613,1.77342219,1.54923068
early_development,signed_delta_pct,-0.04383403,0.76985882,0.19371796,0.20122129
early_development,signed_delta_ratio_20,-0.00016211,0.99918706,2.04987602,2.18003213
early_development,spread_atr,0.04036474,0.79964831,0.04178394,0.03700295
early_development,quote_ratio_20,0.13017224,0.41127153,1.40453035,1.29723575
early_development,signed_depth_imbalance,0.03001301,0.84127468,-0.04458627,-0.03017002
early_development,signed_depth_imbalance_change,-0.00306491,0.98368742,-0.01996660,-0.00303254
early_development,signed_depth_imbalance_persist_10,0.11932923,0.43494673,-0.00420265,-0.01052793
early_development,depth_ratio_20,0.05706181,0.71964348,1.03114852,1.01593676
early_development,signed_book_slope,-0.02347839,0.87552310,0.02195067,0.02498578
early_development,signed_nq_ret_1m,0.09530143,0.52398590,0.00049878,0.00029280
early_development,signed_nq_ret_5m,0.02942447,0.84608490,0.00068884,0.00036340
early_development,signed_mnq_nq_div_1m,-0.01165784,0.93800893,-0.00000985,-0.00000944
early_development,trade_live_ratio,0.00000000,1.00000000,0.00000000,0.00000000
early_development,quote_live_ratio,0.00000000,1.00000000,0.00000000,0.00000000
early_development,depth_live_ratio,0.00000000,1.00000000,0.00000000,0.00000000
early_development,quality_ratio_60,-0.04269466,0.79364411,1.00000000,1.00000000
late_development,risk_points,-0.32537629,0.00268661,12.25000000,12.00000000
late_development,atr_14,-0.20264583,0.07142796,12.46428571,12.21428571
late_development,rv_15m_atr,-0.14832573,0.18916197,0.57458262,0.59925319
late_development,range_1m_atr,-0.12224300,0.28004250,1.44040151,1.36470588
late_development,signed_ret_1m,-0.30443751,0.00513811,0.00026151,0.00027771
late_development,signed_ret_5m,-0.01456485,0.89666736,0.00063951,0.00051346
late_development,signed_ret_15m,-0.06770412,0.55069520,0.00054716,0.00064879
late_development,signed_ret_60m,-0.18374001,0.10968926,-0.00024848,0.00050272
late_development,signed_dist_vwap_atr,-0.20074908,0.07417711,0.94442157,1.02159417
late_development,volume_ratio_20,0.04022015,0.72317284,1.54941281,1.56257914
late_development,trades_ratio_20,0.01957670,0.86315452,1.53136356,1.53204794
late_development,signed_delta_pct,0.02290381,0.83716115,0.20216182,0.18220947
late_development,signed_delta_ratio_20,0.00811202,0.94306719,2.50029624,1.99724138
late_development,spread_atr,0.15902844,0.15883770,0.03364341,0.03746688
late_development,quote_ratio_20,0.00853403,0.94011069,1.26932315,1.26549045
late_development,signed_depth_imbalance,-0.11135138,0.31624930,0.00312736,0.01249390
late_development,signed_depth_imbalance_change,0.12444104,0.26233821,0.01926417,0.01049007
late_development,signed_depth_imbalance_persist_10,-0.09212632,0.41040294,0.00425021,0.00082573
late_development,depth_ratio_20,0.10380800,0.36894949,1.01776586,1.01296062
late_development,signed_book_slope,-0.02111981,0.84969020,-0.00451631,0.01577366
late_development,signed_nq_ret_1m,-0.32141602,0.00304779,0.00026575,0.00028614
late_development,signed_nq_ret_5m,-0.01910412,0.86473105,0.00063950,0.00055179
late_development,signed_mnq_nq_div_1m,0.10291277,0.35453838,0.00000000,0.00000000
late_development,trade_live_ratio,0.00000000,1.00000000,0.00000000,0.00000000
late_development,quote_live_ratio,0.00000000,1.00000000,0.00000000,0.00000000
late_development,depth_live_ratio,0.00000000,1.00000000,0.00000000,0.00000000
late_development,quality_ratio_60,-0.05495339,0.63501100,1.00000000,1.00000000
validation,risk_points,0.25010972,0.30173434,15.25000000,21.00000000
validation,atr_14,0.37368421,0.11502789,72.95535714,34.76785714
validation,rv_15m_atr,0.33539732,0.17363506,1.20356237,0.61780420
validation,range_1m_atr,-0.31754386,0.18524679,0.28039652,1.02824859
validation,signed_ret_1m,-0.18596491,0.44590628,0.00013302,0.00031577
validation,signed_ret_5m,0.17719298,0.46801996,0.00125267,0.00027575
validation,signed_ret_15m,-0.31269350,0.20645364,0.00046431,0.00119667
validation,signed_ret_60m,-0.37254902,0.14083572,0.00070623,0.00308998
validation,signed_dist_vwap_atr,-0.06140351,0.80280683,0.99943070,0.36408149
validation,volume_ratio_20,-0.16140351,0.50917134,1.00486795,1.32344785
validation,trades_ratio_20,-0.13508772,0.58136195,1.02924767,1.31240158
validation,signed_delta_pct,-0.07017544,0.77528177,0.13293132,0.21355932
validation,signed_delta_ratio_20,-0.14035088,0.56658276,1.07957649,2.41850478
validation,spread_atr,-0.42807018,0.06748817,0.00806817,0.01554540
validation,quote_ratio_20,-0.12982456,0.59630255,0.94519526,1.25880018
validation,signed_depth_imbalance,-0.32105263,0.18016886,0.01493455,0.05730579
validation,signed_depth_imbalance_change,-0.16140351,0.50917134,0.00952421,0.04349825
validation,signed_depth_imbalance_persist_10,-0.10000000,0.68377194,-0.01324936,-0.00131053
validation,depth_ratio_20,0.06666667,0.78626296,1.01257187,1.01401075
validation,signed_book_slope,0.14561404,0.55196967,0.00107723,-0.02223351
validation,signed_nq_ret_1m,-0.42807018,0.06748817,-0.00017221,0.00045674
validation,signed_nq_ret_5m,-0.06491228,0.79176821,-0.00093459,0.00102544
validation,signed_mnq_nq_div_1m,0.26842105,0.26650986,0.00003408,-0.00003414
validation,trade_live_ratio,-0.07867321,0.74885912,0.26666667,0.76666667
validation,quote_live_ratio,-0.07867321,0.74885912,0.15833333,0.78333333
validation,depth_live_ratio,-0.12378152,0.61364981,0.07500000,0.41666667
validation,quality_ratio_60,-0.43612266,0.07040267,0.98333333,1.00000000
final_test,risk_points,0.11445925,0.31203105,13.12500000,12.00000000
final_test,atr_14,0.41771493,0.00035540,31.93750000,9.64285714
final_test,rv_15m_atr,0.32533547,0.00678701,1.09341277,0.59083013
final_test,range_1m_atr,-0.37164860,0.00166549,0.50552782,1.28464419
final_test,signed_ret_1m,-0.02807532,0.80723131,0.00026230,0.00023781
final_test,signed_ret_5m,0.06609658,0.56790904,0.00051797,0.00034475
final_test,signed_ret_15m,0.14929134,0.21739036,0.00072590,0.00030858
final_test,signed_ret_60m,0.18471894,0.14073357,0.00149036,0.00012513
final_test,signed_dist_vwap_atr,0.08437015,0.49066084,0.81326358,0.79199549
final_test,volume_ratio_20,-0.31447556,0.00566331,1.27438002,1.83968463
final_test,trades_ratio_20,-0.32336214,0.00438208,1.25331326,1.77334209
final_test,signed_delta_pct,-0.17118041,0.12895961,0.15240135,0.18695982
final_test,signed_delta_ratio_20,-0.25801159,0.02443234,1.56844670,2.24554998
final_test,spread_atr,-0.41196675,0.00043629,0.01866544,0.06325301
final_test,quote_ratio_20,-0.29507547,0.00966281,0.96843352,1.41989449
final_test,signed_depth_imbalance,-0.26154126,0.01910748,-0.02589022,-0.00422923
final_test,signed_depth_imbalance_change,-0.28565233,0.01021403,-0.02216780,0.03171184
final_test,signed_depth_imbalance_persist_10,-0.00624739,0.95670796,-0.00633695,-0.00741936
final_test,depth_ratio_20,-0.19673521,0.08850006,1.01566235,1.06327785
final_test,signed_book_slope,0.14474849,0.20017532,0.01478828,0.00658914
final_test,signed_nq_ret_1m,0.13596297,0.23525660,0.00026361,0.00023362
final_test,signed_nq_ret_5m,0.09187713,0.42369327,0.00047761,0.00044621
final_test,signed_mnq_nq_div_1m,-0.18309712,0.10859095,-0.00000824,0.00000000
final_test,trade_live_ratio,0.01797637,0.87424579,1.00000000,1.00000000
final_test,quote_live_ratio,0.01761956,0.87672213,1.00000000,1.00000000
final_test,depth_live_ratio,0.03565487,0.75353048,1.00000000,1.00000000
final_test,quality_ratio_60,-0.04241683,0.73725470,1.00000000,1.00000000
