signal,root,state,year,slippage_ticks_per_side,trades,net_dollars,profit_factor,max_drawdown_dollars,win_rate,largest_winner_share,best_day_share,best_week_share,net_excluding_largest,passes_cost_and_concentration_gates
donchian_simple_60m,MNQ,unconditional,2023,1.0,411,-1772.0,0.9119065374098931,3486.5,0.5036496350364964,0.0,0.0,0.0,-2215.0,False
donchian_simple_60m,MNQ,unconditional,2024,1.0,401,6949.0,1.300861583755466,2240.5,0.5261845386533666,0.12728450136710318,0.17851489422938552,0.2239890631745575,6064.5,True
donchian_simple_60m,MNQ,unconditional,2025,1.0,411,-9953.5,0.7419735324234293,11758.5,0.46472019464720193,0.0,0.0,0.0,-11582.5,False
donchian_simple_60m,MNQ,compression,2023,1.0,118,-1611.0,0.7103039021758677,2590.0,0.4745762711864407,0.0,0.0,0.0,-2054.0,False
donchian_simple_60m,MNQ,compression,2024,1.0,151,1464.0,1.1818520588783306,1818.5,0.4900662251655629,0.46755464480874315,0.46755464480874315,0.4583333333333333,779.5,True
donchian_simple_60m,MNQ,compression,2025,1.0,180,-1700.5,0.8715149225538346,2639.0,0.4777777777777778,0.0,0.0,0.0,-2347.5,False
donchian_simple_60m,MNQ,neutral,2023,1.0,147,1878.5,1.2944126635843587,1349.0,0.5782312925170068,0.2179930795847751,0.2541921746073995,0.33537396859196167,1469.0,True
donchian_simple_60m,MNQ,neutral,2024,1.0,130,4492.5,1.6104354915415449,1962.0,0.5692307692307692,0.19688369504730105,0.276126878130217,0.19688369504730105,3608.0,True
donchian_simple_60m,MNQ,neutral,2025,1.0,122,-3816.5,0.6808279322600879,5692.5,0.4426229508196721,0.0,0.0,0.0,-4740.5,False
donchian_simple_60m,MNQ,expansion,2023,1.0,119,-2132.5,0.6937383311790895,2523.0,0.4369747899159664,0.0,0.0,0.0,-2543.5,False
donchian_simple_60m,MNQ,expansion,2024,1.0,120,992.5,1.1291140887212177,2161.5,0.525,0.6508816120906801,0.6896725440806045,1.2146095717884131,346.5,False
donchian_simple_60m,MNQ,expansion,2025,1.0,109,-4436.5,0.6684973473810057,4976.5,0.46788990825688076,0.0,0.0,0.0,-6065.5,False
donchian_simple_60m,NQ,unconditional,2023,1.0,411,-17390.0,0.9132408700858112,34280.0,0.5012165450121655,0.0,0.0,0.0,-21830.0,False
donchian_simple_60m,NQ,unconditional,2024,1.0,403,73215.0,1.3211677231153904,21740.0,0.5310173697270472,0.12039882537731339,0.16922761729153862,0.21245646383937716,64400.0,True
donchian_simple_60m,NQ,unconditional,2025,1.0,413,-89150.0,0.7649834578934187,110625.0,0.46973365617433416,0.0,0.0,0.0,-105460.0,False
donchian_simple_60m,NQ,compression,2023,1.0,120,-17300.0,0.6939948704342442,27160.0,0.4666666666666667,0.0,0.0,0.0,-21740.0,False
donchian_simple_60m,NQ,compression,2024,1.0,154,17405.0,1.22237127890635,18200.0,0.487012987012987,0.3935650675093364,0.3935650675093364,0.3835104854926745,10555.0,True
donchian_simple_60m,NQ,compression,2025,1.0,178,-3155.0,0.9741975056225721,21030.0,0.5,0.0,0.0,0.0,-9620.0,False
donchian_simple_60m,NQ,neutral,2023,1.0,145,23990.0,1.4106821877942308,9365.0,0.5862068965517241,0.16798666110879534,0.1917465610671113,0.2311379741558983,19960.0,True
donchian_simple_60m,NQ,neutral,2024,1.0,128,45700.0,1.626886145404664,19105.0,0.578125,0.19288840262582058,0.2711159737417943,0.19288840262582058,36885.0,True
donchian_simple_60m,NQ,neutral,2025,1.0,127,-45965.0,0.6350680798697947,64985.0,0.41732283464566927,0.0,0.0,0.0,-55215.0,False
donchian_simple_60m,NQ,expansion,2023,1.0,119,-24995.0,0.6596077897317173,27530.0,0.42857142857142855,0.0,0.0,0.0,-29090.0,False
donchian_simple_60m,NQ,expansion,2024,1.0,121,10110.0,1.131649195911192,21645.0,0.5371900826446281,0.6394658753709199,0.6760633036597429,1.1904055390702275,3645.0,False
donchian_simple_60m,NQ,expansion,2025,1.0,108,-40030.0,0.694672209297891,45405.0,0.48148148148148145,0.0,0.0,0.0,-56340.0,False
donchian_simple_60m,MNQ,unconditional,2023,2.0,411,-2183.0,0.8925688976377952,3769.5,0.49635036496350365,0.0,0.0,0.0,-2625.0,False
donchian_simple_60m,MNQ,unconditional,2024,2.0,401,6548.0,1.2811869283291106,2281.5,0.5236907730673317,0.13492669517409897,0.18914172266340867,0.23648442272449602,5664.5,True
donchian_simple_60m,MNQ,unconditional,2025,2.0,411,-10364.5,0.7328427266048897,12104.5,0.46228710462287104,0.0,0.0,0.0,-11992.5,False
donchian_simple_60m,MNQ,compression,2023,2.0,118,-1729.0,0.6925402329510092,2674.0,0.4576271186440678,0.0,0.0,0.0,-2171.0,False
donchian_simple_60m,MNQ,compression,2024,2.0,151,1313.0,1.1615502922177792,1894.5,0.4900662251655629,0.5205635948210205,0.5205635948210205,0.5095201827875095,629.5,False
donchian_simple_60m,MNQ,compression,2025,2.0,180,-1880.5,0.858916647910571,2740.5,0.4722222222222222,0.0,0.0,0.0,-2526.5,False
donchian_simple_60m,MNQ,neutral,2023,2.0,147,1731.5,1.2687412695949092,1375.0,0.5714285714285714,0.23592261045336413,0.2746173837712966,0.3615362402541149,1323.0,True
donchian_simple_60m,MNQ,neutral,2024,2.0,130,4362.5,1.588294787944171,1987.0,0.5615384615384615,0.2025214899713467,0.2838968481375358,0.2025214899713467,3479.0,True
donchian_simple_60m,MNQ,neutral,2025,2.0,122,-3938.5,0.6724876304519563,5778.5,0.4426229508196721,0.0,0.0,0.0,-4861.5,False
donchian_simple_60m,MNQ,expansion,2023,2.0,119,-2251.5,0.6797297297297298,2609.0,0.4369747899159664,0.0,0.0,0.0,-2661.5,False
donchian_simple_60m,MNQ,expansion,2024,2.0,120,872.5,1.1126678719008265,2206.5,0.525,0.7392550143266475,0.7810888252148998,1.3736389684813755,227.5,False
donchian_simple_60m,MNQ,expansion,2025,2.0,109,-4545.5,0.6618183170895022,5082.5,0.46788990825688076,0.0,0.0,0.0,-6173.5,False
donchian_simple_60m,NQ,unconditional,2023,2.0,411,-21500.0,0.8938245388775031,37120.0,0.49635036496350365,0.0,0.0,0.0,-25930.0,False
donchian_simple_60m,NQ,unconditional,2024,2.0,403,69185.0,1.300994104979226,22150.0,0.5235732009925558,0.1272674712726747,0.17879598178795983,0.22367565223675653,60380.0,True
donchian_simple_60m,NQ,unconditional,2025,2.0,413,-93280.0,0.755510706890677,114095.0,0.46731234866828086,0.0,0.0,0.0,-109580.0,False
donchian_simple_60m,NQ,compression,2023,2.0,120,-18500.0,0.676460300804477,28020.0,0.4583333333333333,0.0,0.0,0.0,-22930.0,False
donchian_simple_60m,NQ,compression,2024,2.0,154,15865.0,1.2006703769289147,18980.0,0.487012987012987,0.4311377245508982,0.4311377245508982,0.41947683580208006,9025.0,True
donchian_simple_60m,NQ,compression,2025,2.0,178,-4935.0,0.9599334253470813,21430.0,0.4943820224719101,0.0,0.0,0.0,-11390.0,False
donchian_simple_60m,NQ,neutral,2023,2.0,145,22540.0,1.3819367957298991,9595.0,0.5793103448275863,0.17834960070984915,0.20275066548358472,0.24467613132209406,18520.0,True
donchian_simple_60m,NQ,neutral,2024,2.0,128,44420.0,1.6048474945533768,19345.0,0.5703125,0.19822152183701036,0.2784781629896443,0.19822152183701036,35615.0,True
donchian_simple_60m,NQ,neutral,2025,2.0,127,-47235.0,0.6271755002170567,65895.0,0.41732283464566927,0.0,0.0,0.0,-56475.0,False
donchian_simple_60m,NQ,expansion,2023,2.0,119,-26185.0,0.6466738631763594,28630.0,0.42857142857142855,0.0,0.0,0.0,-30270.0,False
donchian_simple_60m,NQ,expansion,2024,2.0,121,8900.0,1.1150539719475148,22095.0,0.5206611570247934,0.7252808988764045,0.7646067415730337,1.34438202247191,2445.0,False
donchian_simple_60m,NQ,expansion,2025,2.0,108,-41110.0,0.6877681995974633,46455.0,0.48148148148148145,0.0,0.0,0.0,-57410.0,False
