root,target_window,combined_state,metric,direction,combined_days,unconditional_days,best_individual_label,best_individual_days,unconditional_value,best_individual_value,combined_value,lift_vs_unconditional,lift_vs_best_individual,materially_improves_best_individual,concentration_days,years_with_min_rows,sparse,concentrated
MNQ,rest_of_rth,globex_compression__inside_trapped,median_rest_rth_range_div_first_hour_range,higher,19,753,inside_trapped,156,1.3421052631578947,1.5382214341235911,2.096938775510204,0.7548335123523091,0.5587173413866127,True,19,2,True,False
MNQ,rest_of_rth,globex_compression__inside_trapped,new_session_high_or_low_after_10_30_rate,lower,19,753,inside_trapped,156,0.8472775564409031,0.7756410256410257,0.7894736842105263,0.05780387223037675,-0.013832658569500667,False,19,2,True,False
MNQ,rest_of_rth,globex_expansion__inside_broken,median_rest_rth_range_div_first_hour_range,higher,162,753,globex_expansion,222,1.3421052631578947,1.3016744945885235,1.2745444302398647,-0.06756083291802994,-0.027130064348658722,False,162,3,False,False
MNQ,rest_of_rth,globex_expansion__inside_broken,new_session_high_or_low_after_10_30_rate,higher,162,753,inside_broken,597,0.8472775564409031,0.8659966499162479,0.8148148148148148,-0.03246274162608831,-0.05118183510143315,False,162,3,False,False
MNQ,lunch,morning_exhaustion__inside_trapped,median_lunch_range_div_morning_range,lower,15,753,morning_exhaustion,134,0.7,0.521671874779521,0.6819713563605728,0.018028643639427133,-0.16029948158105178,False,15,2,True,False
MNQ,lunch,morning_exhaustion__inside_trapped,lunch_range_contraction_rate,higher,15,753,morning_exhaustion,134,0.2098273572377158,0.43283582089552236,0.3333333333333333,0.1235059760956175,-0.09950248756218905,False,15,2,True,False
MNQ,lunch,morning_exhaustion__inside_broken,median_lunch_range_div_morning_range,lower,119,753,morning_exhaustion,134,0.7,0.521671874779521,0.5213726670680313,0.17862733293196864,0.000299207711489724,False,119,3,False,False
MNQ,lunch,morning_exhaustion__inside_broken,lunch_range_contraction_rate,higher,119,753,morning_exhaustion,134,0.2098273572377158,0.43283582089552236,0.44537815126050423,0.23555079402278842,0.012542330364981868,False,119,3,False,False
MNQ,lunch,globex_compression__morning_exhaustion,median_lunch_range_div_morning_range,lower,12,753,morning_exhaustion,134,0.7,0.521671874779521,0.39400874721167223,0.30599125278832773,0.1276631275678488,True,12,1,True,False
MNQ,lunch,globex_compression__morning_exhaustion,lunch_range_contraction_rate,higher,12,753,morning_exhaustion,134,0.2098273572377158,0.43283582089552236,0.5833333333333334,0.37350597609561753,0.150497512437811,True,12,1,True,False
MNQ,lunch,globex_expansion__morning_exhaustion,median_lunch_range_div_morning_range,lower,78,753,morning_exhaustion,134,0.7,0.521671874779521,0.5963735018372884,0.10362649816271152,-0.0747016270577674,False,78,3,False,False
MNQ,lunch,globex_expansion__morning_exhaustion,lunch_range_contraction_rate,higher,78,753,morning_exhaustion,134,0.2098273572377158,0.43283582089552236,0.38461538461538464,0.17478802737766883,-0.048220436280137724,False,78,3,False,False
NQ,rest_of_rth,globex_compression__inside_trapped,median_rest_rth_range_div_first_hour_range,higher,18,753,inside_trapped,155,1.3468468468468469,1.5374592833876222,2.2263543031891655,0.8795074563423186,0.6888950198015433,True,18,2,True,False
NQ,rest_of_rth,globex_compression__inside_trapped,new_session_high_or_low_after_10_30_rate,lower,18,753,inside_trapped,155,0.849933598937583,0.7806451612903226,0.8888888888888888,-0.038955289951305816,-0.10824372759856626,False,18,2,True,False
NQ,rest_of_rth,globex_expansion__inside_broken,median_rest_rth_range_div_first_hour_range,higher,160,753,globex_expansion,220,1.3468468468468469,1.2971416439759524,1.2848860619666111,-0.06196078488023571,-0.012255582009341293,False,160,3,False,False
NQ,rest_of_rth,globex_expansion__inside_broken,new_session_high_or_low_after_10_30_rate,higher,160,753,inside_broken,598,0.849933598937583,0.8678929765886287,0.825,-0.024933598937583068,-0.042892976588628784,False,160,3,False,False
NQ,lunch,morning_exhaustion__inside_trapped,median_lunch_range_div_morning_range,lower,15,753,morning_exhaustion,135,0.6975381008206331,0.5242018537590113,0.6752425137072965,0.022295587113336568,-0.1510406599482852,False,15,2,True,False
NQ,lunch,morning_exhaustion__inside_trapped,lunch_range_contraction_rate,higher,15,753,morning_exhaustion,135,0.21115537848605578,0.42962962962962964,0.3333333333333333,0.12217795484727753,-0.09629629629629632,False,15,2,True,False
NQ,lunch,morning_exhaustion__inside_broken,median_lunch_range_div_morning_range,lower,120,753,morning_exhaustion,135,0.6975381008206331,0.5242018537590113,0.5241346212236693,0.17340347959696378,6.723253534202112e-05,False,120,3,False,False
NQ,lunch,morning_exhaustion__inside_broken,lunch_range_contraction_rate,higher,120,753,morning_exhaustion,135,0.21115537848605578,0.42962962962962964,0.44166666666666665,0.23051128818061087,0.012037037037037013,False,120,3,False,False
NQ,lunch,globex_compression__morning_exhaustion,median_lunch_range_div_morning_range,lower,12,753,morning_exhaustion,135,0.6975381008206331,0.5242018537590113,0.3940097149598729,0.30352838586076014,0.13019213879913838,True,12,1,True,False
NQ,lunch,globex_compression__morning_exhaustion,lunch_range_contraction_rate,higher,12,753,morning_exhaustion,135,0.21115537848605578,0.42962962962962964,0.5833333333333334,0.37217795484727756,0.15370370370370373,True,12,1,True,False
NQ,lunch,globex_expansion__morning_exhaustion,median_lunch_range_div_morning_range,lower,77,753,morning_exhaustion,135,0.6975381008206331,0.5242018537590113,0.6010165184243964,0.09652158239623665,-0.07681466466538511,False,77,3,False,False
NQ,lunch,globex_expansion__morning_exhaustion,lunch_range_contraction_rate,higher,77,753,morning_exhaustion,135,0.21115537848605578,0.42962962962962964,0.37662337662337664,0.16546799813732085,-0.053006253006253,False,77,3,False,False
