row_id,decision_time,entry_time,exit_time,trading_day,session_bucket,direction,outcome,target_before_stop,risk_points,gross_r,net_r,gross_pnl,net_pnl,mfe_r,mae_r,formula_signal,model,score,period,fold,filter_model,filter_period,filter_threshold
1000050,2026-04-20 15:28:00+00:00,2026-04-20 15:28:00+00:00,2026-04-20 15:30:00+00:00,2026-04-20,rth_mid_11_00_11_30,1.00000000,target,1,6.00000000,1.83333300,1.50166633,21.99999600,18.01999600,2.20833300,0.00000000,1.00000000,analog,0.45032406,development_oof,wf_1,analog,development_oof,0.44387800
1000054,2026-04-21 22:00:00+00:00,2026-04-21 22:00:00+00:00,2026-04-21 22:02:00+00:00,2026-04-22,overnight,-1.00000000,target,1,21.00000000,1.95238100,1.85761910,82.00000200,78.02000200,2.21428600,-0.71428600,1.00000000,analog,0.44401841,development_oof,wf_1,analog,development_oof,0.44387800
1000056,2026-04-21 23:01:00+00:00,2026-04-21 23:01:00+00:00,2026-04-21 23:12:00+00:00,2026-04-22,overnight,1.00000000,stop,0,25.00000000,-1.04000000,-1.11960000,-52.00000000,-55.98000000,1.03000000,-1.19000000,1.00000000,analog,0.45515884,development_oof,wf_1,analog,development_oof,0.44387800
1000064,2026-04-23 20:36:00+00:00,2026-04-23 20:36:00+00:00,2026-04-23 20:47:00+00:00,2026-04-23,overnight,1.00000000,target,1,23.75000000,1.95789500,1.87410553,93.00001250,89.02001250,2.35789500,-0.43157900,1.00000000,analog,0.46104563,development_oof,wf_1,analog,development_oof,0.44387800
1000067,2026-04-23 22:46:00+00:00,2026-04-23 22:46:00+00:00,2026-04-23 23:05:00+00:00,2026-04-24,overnight,-1.00000000,target,1,24.25000000,1.95876300,1.87670114,95.00000550,91.02000550,2.21649500,-0.36082500,1.00000000,analog,0.44786810,development_oof,wf_1,analog,development_oof,0.44387800
1000069,2026-04-27 13:01:00+00:00,2026-04-27 13:01:00+00:00,2026-04-27 13:03:00+00:00,2026-04-27,overnight,-1.00000000,stop,0,10.00000000,-1.10000000,-1.29900000,-22.00000000,-25.98000000,0.35000000,-1.15000000,1.00000000,analog,0.47522218,development_oof,wf_2,analog,development_oof,0.44387800
1000075,2026-04-27 22:04:00+00:00,2026-04-27 22:04:00+00:00,2026-04-27 22:10:00+00:00,2026-04-28,overnight,-1.00000000,stop,0,21.75000000,-1.04597700,-1.13747125,-45.49999950,-49.47999950,0.49425300,-1.12643700,1.00000000,analog,0.48885828,development_oof,wf_2,analog,development_oof,0.44387800
1000082,2026-04-30 14:10:00+00:00,2026-04-30 14:10:00+00:00,2026-04-30 14:21:00+00:00,2026-04-30,rth_open_09_30_11_00,1.00000000,stop,0,22.75000000,-1.04395600,-1.13142853,-47.49999800,-51.47999800,0.62637400,-1.01098900,1.00000000,analog,0.53585814,development_oof,wf_2,analog,development_oof,0.44387800
1000095,2026-05-04 19:39:00+00:00,2026-05-04 19:39:00+00:00,2026-05-04 19:43:00+00:00,2026-05-04,rth_close_15_00_16_00,1.00000000,stop,0,9.00000000,-1.11111100,-1.33222211,-19.99999800,-23.97999800,1.25000000,-1.16666700,1.00000000,analog,0.53343994,development_oof,wf_3,analog,development_oof,0.44387800
1000102,2026-05-06 22:14:00+00:00,2026-05-06 22:14:00+00:00,2026-05-06 22:16:00+00:00,2026-05-07,overnight,-1.00000000,stop,0,12.00000000,-1.08333300,-1.24916633,-25.99999200,-29.97999200,0.29166700,-1.81250000,1.00000000,analog,0.46825243,development_oof,wf_3,analog,development_oof,0.44387800
1000103,2026-05-06 22:44:00+00:00,2026-05-06 22:44:00+00:00,2026-05-06 22:45:00+00:00,2026-05-07,overnight,-1.00000000,stop,0,25.00000000,-1.04000000,-1.11960000,-52.00000000,-55.98000000,0.10000000,-1.70000000,1.00000000,analog,0.45027014,development_oof,wf_3,analog,development_oof,0.44387800
1000104,2026-05-06 23:47:00+00:00,2026-05-06 23:47:00+00:00,2026-05-06 23:56:00+00:00,2026-05-07,overnight,-1.00000000,target,1,13.00000000,1.92307700,1.77000008,50.00000200,46.02000200,2.09615400,-0.53846200,1.00000000,analog,0.45227537,development_oof,wf_3,analog,development_oof,0.44387800
1000107,2026-05-07 22:25:00+00:00,2026-05-07 22:25:00+00:00,2026-05-07 22:33:00+00:00,2026-05-08,overnight,-1.00000000,stop,0,20.50000000,-1.04878000,-1.14585317,-42.99998000,-46.97998000,1.70731700,-1.39024400,1.00000000,analog,0.49695291,development_oof,wf_3,analog,development_oof,0.44387800
1000118,2026-05-13 22:25:00+00:00,2026-05-13 22:25:00+00:00,2026-05-13 22:26:00+00:00,2026-05-14,overnight,-1.00000000,target,1,9.25000000,1.89189200,1.67675686,35.00000200,31.02000200,2.67567600,-0.13513500,1.00000000,analog,0.46214795,development_oof,wf_4,analog,development_oof,0.44387800
1000125,2026-05-15 05:06:00+00:00,2026-05-15 05:06:00+00:00,2026-05-15 05:10:00+00:00,2026-05-15,overnight,1.00000000,stop,0,13.50000000,-1.07407400,-1.22148141,-28.99999800,-32.97999800,0.25925900,-2.00000000,1.00000000,analog,0.45350570,development_oof,wf_4,analog,development_oof,0.44387800
1000049,2026-04-20 13:06:00+00:00,2026-04-20 13:06:00+00:00,2026-04-20 13:07:00+00:00,2026-04-20,overnight,1.00000000,stop,0,3.75000000,-1.26666700,-1.79733367,-9.50000250,-13.48000250,0.00000000,-2.13333300,1.00000000,gradient_boosted_trees,0.42553191,development_oof,wf_1,gradient_boosted_trees,development_oof,0.35000000
1000050,2026-04-20 15:28:00+00:00,2026-04-20 15:28:00+00:00,2026-04-20 15:30:00+00:00,2026-04-20,rth_mid_11_00_11_30,1.00000000,target,1,6.00000000,1.83333300,1.50166633,21.99999600,18.01999600,2.20833300,0.00000000,1.00000000,gradient_boosted_trees,0.42553191,development_oof,wf_1,gradient_boosted_trees,development_oof,0.35000000
1000051,2026-04-20 21:42:00+00:00,2026-04-20 21:42:00+00:00,2026-04-20 21:50:00+00:00,2026-04-20,overnight,-1.00000000,stop,0,12.50000000,-1.08000000,-1.23920000,-27.00000000,-30.98000000,1.30000000,-1.68000000,1.00000000,gradient_boosted_trees,0.42553191,development_oof,wf_1,gradient_boosted_trees,development_oof,0.35000000
1000052,2026-04-20 23:06:00+00:00,2026-04-20 23:06:00+00:00,2026-04-20 23:26:00+00:00,2026-04-21,overnight,1.00000000,timeout,1,20.75000000,0.31325300,0.21734939,12.99999950,9.01999950,1.24096400,-0.56626500,1.00000000,gradient_boosted_trees,0.42553191,development_oof,wf_1,gradient_boosted_trees,development_oof,0.35000000
1000053,2026-04-21 20:35:00+00:00,2026-04-21 20:35:00+00:00,2026-04-21 20:36:00+00:00,2026-04-21,overnight,1.00000000,stop,0,17.50000000,-1.05714300,-1.17085729,-37.00000500,-40.98000500,0.17142900,-1.88571400,1.00000000,gradient_boosted_trees,0.42553191,development_oof,wf_1,gradient_boosted_trees,development_oof,0.35000000
1000054,2026-04-21 22:00:00+00:00,2026-04-21 22:00:00+00:00,2026-04-21 22:02:00+00:00,2026-04-22,overnight,-1.00000000,target,1,21.00000000,1.95238100,1.85761910,82.00000200,78.02000200,2.21428600,-0.71428600,1.00000000,gradient_boosted_trees,0.42553191,development_oof,wf_1,gradient_boosted_trees,development_oof,0.35000000
1000055,2026-04-21 22:48:00+00:00,2026-04-21 22:48:00+00:00,2026-04-21 22:51:00+00:00,2026-04-22,overnight,1.00000000,stop,0,22.25000000,-1.04494400,-1.13438220,-46.50000800,-50.48000800,0.59550600,-1.31460700,1.00000000,gradient_boosted_trees,0.42553191,development_oof,wf_1,gradient_boosted_trees,development_oof,0.35000000
1000056,2026-04-21 23:01:00+00:00,2026-04-21 23:01:00+00:00,2026-04-21 23:12:00+00:00,2026-04-22,overnight,1.00000000,stop,0,25.00000000,-1.04000000,-1.11960000,-52.00000000,-55.98000000,1.03000000,-1.19000000,1.00000000,gradient_boosted_trees,0.42553191,development_oof,wf_1,gradient_boosted_trees,development_oof,0.35000000
1000057,2026-04-21 23:36:00+00:00,2026-04-21 23:36:00+00:00,2026-04-21 23:37:00+00:00,2026-04-22,overnight,1.00000000,stop,0,7.00000000,-1.14285700,-1.42714271,-15.99999800,-19.97999800,0.10714300,-2.17857100,1.00000000,gradient_boosted_trees,0.42553191,development_oof,wf_1,gradient_boosted_trees,development_oof,0.35000000
1000058,2026-04-22 22:05:00+00:00,2026-04-22 22:05:00+00:00,2026-04-22 22:08:00+00:00,2026-04-23,overnight,-1.00000000,stop,0,12.25000000,-1.08163300,-1.24408198,-26.50000850,-30.48000850,0.40816300,-2.34693900,1.00000000,gradient_boosted_trees,0.42553191,development_oof,wf_1,gradient_boosted_trees,development_oof,0.35000000
1000059,2026-04-22 22:08:00+00:00,2026-04-22 22:08:00+00:00,2026-04-22 22:28:00+00:00,2026-04-23,overnight,1.00000000,timeout,1,19.50000000,0.41025600,0.30820472,15.99998400,12.01998400,1.89743600,-0.51282100,1.00000000,gradient_boosted_trees,0.42553191,development_oof,wf_1,gradient_boosted_trees,development_oof,0.35000000
1000060,2026-04-22 23:02:00+00:00,2026-04-22 23:02:00+00:00,2026-04-22 23:03:00+00:00,2026-04-23,overnight,-1.00000000,stop,0,5.00000000,-1.20000000,-1.59800000,-12.00000000,-15.98000000,0.70000000,-1.35000000,1.00000000,gradient_boosted_trees,0.42553191,development_oof,wf_1,gradient_boosted_trees,development_oof,0.35000000
1000061,2026-04-22 23:33:00+00:00,2026-04-22 23:33:00+00:00,2026-04-22 23:41:00+00:00,2026-04-23,overnight,-1.00000000,stop,0,10.50000000,-1.09523800,-1.28476181,-22.99999800,-26.97999800,1.14285700,-1.00000000,1.00000000,gradient_boosted_trees,0.42553191,development_oof,wf_1,gradient_boosted_trees,development_oof,0.35000000
1000062,2026-04-23 02:08:00+00:00,2026-04-23 02:08:00+00:00,2026-04-23 02:20:00+00:00,2026-04-23,overnight,1.00000000,target,1,17.00000000,1.94117600,1.82411718,65.99998400,62.01998400,2.10294100,-0.08823500,1.00000000,gradient_boosted_trees,0.42553191,development_oof,wf_1,gradient_boosted_trees,development_oof,0.35000000
1000063,2026-04-23 20:29:00+00:00,2026-04-23 20:29:00+00:00,2026-04-23 20:31:00+00:00,2026-04-23,overnight,1.00000000,stop,0,18.00000000,-1.05555600,-1.16611156,-38.00001600,-41.98001600,0.11111100,-3.06944400,1.00000000,gradient_boosted_trees,0.42553191,development_oof,wf_1,gradient_boosted_trees,development_oof,0.35000000
1000064,2026-04-23 20:36:00+00:00,2026-04-23 20:36:00+00:00,2026-04-23 20:47:00+00:00,2026-04-23,overnight,1.00000000,target,1,23.75000000,1.95789500,1.87410553,93.00001250,89.02001250,2.35789500,-0.43157900,1.00000000,gradient_boosted_trees,0.42553191,development_oof,wf_1,gradient_boosted_trees,development_oof,0.35000000
1000065,2026-04-23 22:01:00+00:00,2026-04-23 22:01:00+00:00,2026-04-23 22:18:00+00:00,2026-04-24,overnight,1.00000000,target,1,14.50000000,1.93103400,1.79379262,55.99998600,52.01998600,2.03448300,-0.98275900,1.00000000,gradient_boosted_trees,0.42553191,development_oof,wf_1,gradient_boosted_trees,development_oof,0.35000000
1000066,2026-04-23 22:45:00+00:00,2026-04-23 22:45:00+00:00,2026-04-23 22:47:00+00:00,2026-04-24,overnight,-1.00000000,target,1,11.75000000,1.91489400,1.74553230,45.00000900,41.02000900,3.25531900,-0.17021300,1.00000000,gradient_boosted_trees,0.42553191,development_oof,wf_1,gradient_boosted_trees,development_oof,0.35000000
1000067,2026-04-23 22:46:00+00:00,2026-04-23 22:46:00+00:00,2026-04-23 23:05:00+00:00,2026-04-24,overnight,-1.00000000,target,1,24.25000000,1.95876300,1.87670114,95.00000550,91.02000550,2.21649500,-0.36082500,1.00000000,gradient_boosted_trees,0.42553191,development_oof,wf_1,gradient_boosted_trees,development_oof,0.35000000
1000070,2026-04-27 16:02:00+00:00,2026-04-27 16:02:00+00:00,2026-04-27 16:14:00+00:00,2026-04-27,rth_lunch_11_30_13_30,-1.00000000,stop,0,7.00000000,-1.14285700,-1.42714271,-15.99999800,-19.97999800,0.82142900,-1.17857100,1.00000000,gradient_boosted_trees,0.70176861,development_oof,wf_2,gradient_boosted_trees,development_oof,0.35000000
1000071,2026-04-27 16:18:00+00:00,2026-04-27 16:18:00+00:00,2026-04-27 16:20:00+00:00,2026-04-27,rth_lunch_11_30_13_30,1.00000000,stop,0,4.00000000,-1.25000000,-1.74750000,-10.00000000,-13.98000000,0.31250000,-1.31250000,1.00000000,gradient_boosted_trees,0.56598560,development_oof,wf_2,gradient_boosted_trees,development_oof,0.35000000
1000075,2026-04-27 22:04:00+00:00,2026-04-27 22:04:00+00:00,2026-04-27 22:10:00+00:00,2026-04-28,overnight,-1.00000000,stop,0,21.75000000,-1.04597700,-1.13747125,-45.49999950,-49.47999950,0.49425300,-1.12643700,1.00000000,gradient_boosted_trees,0.66095191,development_oof,wf_2,gradient_boosted_trees,development_oof,0.35000000
1000076,2026-04-27 22:31:00+00:00,2026-04-27 22:31:00+00:00,2026-04-27 22:33:00+00:00,2026-04-28,overnight,1.00000000,stop,0,16.00000000,-1.06250000,-1.18687500,-34.00000000,-37.98000000,0.01562500,-1.46875000,1.00000000,gradient_boosted_trees,0.56523881,development_oof,wf_2,gradient_boosted_trees,development_oof,0.35000000
1000080,2026-04-29 22:04:00+00:00,2026-04-29 22:04:00+00:00,2026-04-29 22:10:00+00:00,2026-04-30,overnight,-1.00000000,target,1,13.75000000,1.92727300,1.78254573,53.00000750,49.02000750,2.45454500,-0.52727300,1.00000000,gradient_boosted_trees,0.37688462,development_oof,wf_2,gradient_boosted_trees,development_oof,0.35000000
1000082,2026-04-30 14:10:00+00:00,2026-04-30 14:10:00+00:00,2026-04-30 14:21:00+00:00,2026-04-30,rth_open_09_30_11_00,1.00000000,stop,0,22.75000000,-1.04395600,-1.13142853,-47.49999800,-51.47999800,0.62637400,-1.01098900,1.00000000,gradient_boosted_trees,0.50431395,development_oof,wf_2,gradient_boosted_trees,development_oof,0.35000000
1000089,2026-05-04 07:08:00+00:00,2026-05-04 07:08:00+00:00,2026-05-04 07:13:00+00:00,2026-05-04,overnight,1.00000000,stop,0,12.50000000,-1.08000000,-1.23920000,-27.00000000,-30.98000000,0.36000000,-1.48000000,1.00000000,gradient_boosted_trees,0.50794254,development_oof,wf_3,gradient_boosted_trees,development_oof,0.35000000
1000090,2026-05-04 07:18:00+00:00,2026-05-04 07:18:00+00:00,2026-05-04 07:32:00+00:00,2026-05-04,overnight,-1.00000000,stop,0,18.75000000,-1.05333300,-1.15946633,-39.49998750,-43.47998750,1.50666700,-1.38666700,1.00000000,gradient_boosted_trees,0.51438862,development_oof,wf_3,gradient_boosted_trees,development_oof,0.35000000
1000092,2026-05-04 17:01:00+00:00,2026-05-04 17:01:00+00:00,2026-05-04 17:02:00+00:00,2026-05-04,rth_lunch_11_30_13_30,1.00000000,stop,0,11.75000000,-1.08510600,-1.25446770,-25.49999100,-29.47999100,0.08510600,-1.40425500,1.00000000,gradient_boosted_trees,0.55862398,development_oof,wf_3,gradient_boosted_trees,development_oof,0.35000000
1000093,2026-05-04 19:04:00+00:00,2026-05-04 19:04:00+00:00,2026-05-04 19:09:00+00:00,2026-05-04,rth_close_15_00_16_00,-1.00000000,stop,0,17.00000000,-1.05882400,-1.17588282,-36.00001600,-39.98001600,0.13235300,-1.05882400,1.00000000,gradient_boosted_trees,0.57894044,development_oof,wf_3,gradient_boosted_trees,development_oof,0.35000000
1000096,2026-05-05 01:30:00+00:00,2026-05-05 01:30:00+00:00,2026-05-05 01:32:00+00:00,2026-05-05,overnight,1.00000000,stop,0,14.00000000,-1.07142900,-1.21357186,-30.00001200,-33.98001200,0.41071400,-1.16071400,1.00000000,gradient_boosted_trees,0.52194527,development_oof,wf_3,gradient_boosted_trees,development_oof,0.35000000
1000099,2026-05-05 05:51:00+00:00,2026-05-05 05:51:00+00:00,2026-05-05 05:54:00+00:00,2026-05-05,overnight,-1.00000000,target,1,4.25000000,1.76470600,1.29647071,15.00000100,11.02000100,2.47058800,-0.41176500,1.00000000,gradient_boosted_trees,0.68857080,development_oof,wf_3,gradient_boosted_trees,development_oof,0.35000000
1000100,2026-05-05 22:34:00+00:00,2026-05-05 22:34:00+00:00,2026-05-05 22:36:00+00:00,2026-05-06,overnight,-1.00000000,stop,0,11.25000000,-1.08888900,-1.26577789,-24.50000250,-28.48000250,0.00000000,-2.02222200,1.00000000,gradient_boosted_trees,0.38613976,development_oof,wf_3,gradient_boosted_trees,development_oof,0.35000000
1000102,2026-05-06 22:14:00+00:00,2026-05-06 22:14:00+00:00,2026-05-06 22:16:00+00:00,2026-05-07,overnight,-1.00000000,stop,0,12.00000000,-1.08333300,-1.24916633,-25.99999200,-29.97999200,0.29166700,-1.81250000,1.00000000,gradient_boosted_trees,0.40120663,development_oof,wf_3,gradient_boosted_trees,development_oof,0.35000000
1000103,2026-05-06 22:44:00+00:00,2026-05-06 22:44:00+00:00,2026-05-06 22:45:00+00:00,2026-05-07,overnight,-1.00000000,stop,0,25.00000000,-1.04000000,-1.11960000,-52.00000000,-55.98000000,0.10000000,-1.70000000,1.00000000,gradient_boosted_trees,0.52455700,development_oof,wf_3,gradient_boosted_trees,development_oof,0.35000000
1000104,2026-05-06 23:47:00+00:00,2026-05-06 23:47:00+00:00,2026-05-06 23:56:00+00:00,2026-05-07,overnight,-1.00000000,target,1,13.00000000,1.92307700,1.77000008,50.00000200,46.02000200,2.09615400,-0.53846200,1.00000000,gradient_boosted_trees,0.68089383,development_oof,wf_3,gradient_boosted_trees,development_oof,0.35000000
1000105,2026-05-07 00:11:00+00:00,2026-05-07 00:11:00+00:00,2026-05-07 00:31:00+00:00,2026-05-07,overnight,1.00000000,timeout,1,19.25000000,0.28571400,0.18233738,10.99998900,7.01998900,0.54545500,-0.74026000,1.00000000,gradient_boosted_trees,0.41914046,development_oof,wf_3,gradient_boosted_trees,development_oof,0.35000000
1000107,2026-05-07 22:25:00+00:00,2026-05-07 22:25:00+00:00,2026-05-07 22:33:00+00:00,2026-05-08,overnight,-1.00000000,stop,0,20.50000000,-1.04878000,-1.14585317,-42.99998000,-46.97998000,1.70731700,-1.39024400,1.00000000,gradient_boosted_trees,0.68531897,development_oof,wf_3,gradient_boosted_trees,development_oof,0.35000000
1000111,2026-05-11 14:07:00+00:00,2026-05-11 14:07:00+00:00,2026-05-11 14:18:00+00:00,2026-05-11,rth_open_09_30_11_00,-1.00000000,target,1,12.00000000,1.91666700,1.75083367,46.00000800,42.02000800,2.04166700,-0.37500000,1.00000000,gradient_boosted_trees,0.46090536,development_oof,wf_4,gradient_boosted_trees,development_oof,0.35000000
1000114,2026-05-11 22:15:00+00:00,2026-05-11 22:15:00+00:00,2026-05-11 22:18:00+00:00,2026-05-12,overnight,-1.00000000,stop,0,20.50000000,-1.04878000,-1.14585317,-42.99998000,-46.97998000,0.53658500,-1.28048800,1.00000000,gradient_boosted_trees,0.58750994,development_oof,wf_4,gradient_boosted_trees,development_oof,0.35000000
1000118,2026-05-13 22:25:00+00:00,2026-05-13 22:25:00+00:00,2026-05-13 22:26:00+00:00,2026-05-14,overnight,-1.00000000,target,1,9.25000000,1.89189200,1.67675686,35.00000200,31.02000200,2.67567600,-0.13513500,1.00000000,gradient_boosted_trees,0.36026904,development_oof,wf_4,gradient_boosted_trees,development_oof,0.35000000
1000119,2026-05-14 16:41:00+00:00,2026-05-14 16:41:00+00:00,2026-05-14 16:49:00+00:00,2026-05-14,rth_lunch_11_30_13_30,1.00000000,target,1,12.50000000,1.92000000,1.76080000,48.00000000,44.02000000,2.20000000,-0.54000000,1.00000000,gradient_boosted_trees,0.55005274,development_oof,wf_4,gradient_boosted_trees,development_oof,0.35000000
1000120,2026-05-14 20:33:00+00:00,2026-05-14 20:33:00+00:00,2026-05-14 20:35:00+00:00,2026-05-14,overnight,1.00000000,target,1,17.75000000,1.94366200,1.83154932,69.00000100,65.02000100,2.05633800,-0.39436600,1.00000000,gradient_boosted_trees,0.36493991,development_oof,wf_4,gradient_boosted_trees,development_oof,0.35000000
1000121,2026-05-15 00:07:00+00:00,2026-05-15 00:07:00+00:00,2026-05-15 00:10:00+00:00,2026-05-15,overnight,-1.00000000,target,1,13.75000000,1.92727300,1.78254573,53.00000750,49.02000750,2.45454500,-0.12727300,1.00000000,gradient_boosted_trees,0.61288334,development_oof,wf_4,gradient_boosted_trees,development_oof,0.35000000
1000122,2026-05-15 00:47:00+00:00,2026-05-15 00:47:00+00:00,2026-05-15 00:50:00+00:00,2026-05-15,overnight,1.00000000,target,1,7.25000000,1.86206900,1.58758624,27.00000050,23.02000050,2.00000000,-0.79310300,1.00000000,gradient_boosted_trees,0.79975224,development_oof,wf_4,gradient_boosted_trees,development_oof,0.35000000
1000123,2026-05-15 01:57:00+00:00,2026-05-15 01:57:00+00:00,2026-05-15 01:59:00+00:00,2026-05-15,overnight,1.00000000,stop,0,10.25000000,-1.09756100,-1.29170734,-22.50000050,-26.48000050,0.19512200,-1.00000000,1.00000000,gradient_boosted_trees,0.39869650,development_oof,wf_4,gradient_boosted_trees,development_oof,0.35000000
1000125,2026-05-15 05:06:00+00:00,2026-05-15 05:06:00+00:00,2026-05-15 05:10:00+00:00,2026-05-15,overnight,1.00000000,stop,0,13.50000000,-1.07407400,-1.22148141,-28.99999800,-32.97999800,0.25925900,-2.00000000,1.00000000,gradient_boosted_trees,0.84599075,development_oof,wf_4,gradient_boosted_trees,development_oof,0.35000000
1000126,2026-05-15 05:10:00+00:00,2026-05-15 05:10:00+00:00,2026-05-15 05:30:00+00:00,2026-05-15,overnight,-1.00000000,timeout,0,12.50000000,-0.58000000,-0.73920000,-14.50000000,-18.48000000,1.92000000,-0.52000000,1.00000000,gradient_boosted_trees,0.62329219,development_oof,wf_4,gradient_boosted_trees,development_oof,0.35000000
1000127,2026-05-15 05:47:00+00:00,2026-05-15 05:47:00+00:00,2026-05-15 05:55:00+00:00,2026-05-15,overnight,1.00000000,stop,0,12.25000000,-1.08163300,-1.24408198,-26.50000850,-30.48000850,0.02040800,-1.04081600,1.00000000,gradient_boosted_trees,0.58294427,development_oof,wf_4,gradient_boosted_trees,development_oof,0.35000000
1000050,2026-04-20 15:28:00+00:00,2026-04-20 15:28:00+00:00,2026-04-20 15:30:00+00:00,2026-04-20,rth_mid_11_00_11_30,1.00000000,target,1,6.00000000,1.83333300,1.50166633,21.99999600,18.01999600,2.20833300,0.00000000,1.00000000,logistic,0.45033078,development_oof,wf_1,logistic,development_oof,0.35000000
1000051,2026-04-20 21:42:00+00:00,2026-04-20 21:42:00+00:00,2026-04-20 21:50:00+00:00,2026-04-20,overnight,-1.00000000,stop,0,12.50000000,-1.08000000,-1.23920000,-27.00000000,-30.98000000,1.30000000,-1.68000000,1.00000000,logistic,0.53001489,development_oof,wf_1,logistic,development_oof,0.35000000
1000052,2026-04-20 23:06:00+00:00,2026-04-20 23:06:00+00:00,2026-04-20 23:26:00+00:00,2026-04-21,overnight,1.00000000,timeout,1,20.75000000,0.31325300,0.21734939,12.99999950,9.01999950,1.24096400,-0.56626500,1.00000000,logistic,0.79750699,development_oof,wf_1,logistic,development_oof,0.35000000
1000053,2026-04-21 20:35:00+00:00,2026-04-21 20:35:00+00:00,2026-04-21 20:36:00+00:00,2026-04-21,overnight,1.00000000,stop,0,17.50000000,-1.05714300,-1.17085729,-37.00000500,-40.98000500,0.17142900,-1.88571400,1.00000000,logistic,0.97303695,development_oof,wf_1,logistic,development_oof,0.35000000
1000054,2026-04-21 22:00:00+00:00,2026-04-21 22:00:00+00:00,2026-04-21 22:02:00+00:00,2026-04-22,overnight,-1.00000000,target,1,21.00000000,1.95238100,1.85761910,82.00000200,78.02000200,2.21428600,-0.71428600,1.00000000,logistic,0.42925749,development_oof,wf_1,logistic,development_oof,0.35000000
1000059,2026-04-22 22:08:00+00:00,2026-04-22 22:08:00+00:00,2026-04-22 22:28:00+00:00,2026-04-23,overnight,1.00000000,timeout,1,19.50000000,0.41025600,0.30820472,15.99998400,12.01998400,1.89743600,-0.51282100,1.00000000,logistic,0.84474492,development_oof,wf_1,logistic,development_oof,0.35000000
1000062,2026-04-23 02:08:00+00:00,2026-04-23 02:08:00+00:00,2026-04-23 02:20:00+00:00,2026-04-23,overnight,1.00000000,target,1,17.00000000,1.94117600,1.82411718,65.99998400,62.01998400,2.10294100,-0.08823500,1.00000000,logistic,0.60410635,development_oof,wf_1,logistic,development_oof,0.35000000
1000063,2026-04-23 20:29:00+00:00,2026-04-23 20:29:00+00:00,2026-04-23 20:31:00+00:00,2026-04-23,overnight,1.00000000,stop,0,18.00000000,-1.05555600,-1.16611156,-38.00001600,-41.98001600,0.11111100,-3.06944400,1.00000000,logistic,0.92927152,development_oof,wf_1,logistic,development_oof,0.35000000
1000064,2026-04-23 20:36:00+00:00,2026-04-23 20:36:00+00:00,2026-04-23 20:47:00+00:00,2026-04-23,overnight,1.00000000,target,1,23.75000000,1.95789500,1.87410553,93.00001250,89.02001250,2.35789500,-0.43157900,1.00000000,logistic,0.96956997,development_oof,wf_1,logistic,development_oof,0.35000000
1000067,2026-04-23 22:46:00+00:00,2026-04-23 22:46:00+00:00,2026-04-23 23:05:00+00:00,2026-04-24,overnight,-1.00000000,target,1,24.25000000,1.95876300,1.87670114,95.00000550,91.02000550,2.21649500,-0.36082500,1.00000000,logistic,0.97492993,development_oof,wf_1,logistic,development_oof,0.35000000
1000069,2026-04-27 13:01:00+00:00,2026-04-27 13:01:00+00:00,2026-04-27 13:03:00+00:00,2026-04-27,overnight,-1.00000000,stop,0,10.00000000,-1.10000000,-1.29900000,-22.00000000,-25.98000000,0.35000000,-1.15000000,1.00000000,logistic,0.66999211,development_oof,wf_2,logistic,development_oof,0.35000000
1000071,2026-04-27 16:18:00+00:00,2026-04-27 16:18:00+00:00,2026-04-27 16:20:00+00:00,2026-04-27,rth_lunch_11_30_13_30,1.00000000,stop,0,4.00000000,-1.25000000,-1.74750000,-10.00000000,-13.98000000,0.31250000,-1.31250000,1.00000000,logistic,0.58601319,development_oof,wf_2,logistic,development_oof,0.35000000
1000075,2026-04-27 22:04:00+00:00,2026-04-27 22:04:00+00:00,2026-04-27 22:10:00+00:00,2026-04-28,overnight,-1.00000000,stop,0,21.75000000,-1.04597700,-1.13747125,-45.49999950,-49.47999950,0.49425300,-1.12643700,1.00000000,logistic,0.56752627,development_oof,wf_2,logistic,development_oof,0.35000000
1000088,2026-05-04 05:47:00+00:00,2026-05-04 05:47:00+00:00,2026-05-04 05:48:00+00:00,2026-05-04,overnight,1.00000000,stop,0,4.00000000,-1.25000000,-1.74750000,-10.00000000,-13.98000000,0.00000000,-3.00000000,1.00000000,logistic,0.77409194,development_oof,wf_3,logistic,development_oof,0.35000000
1000090,2026-05-04 07:18:00+00:00,2026-05-04 07:18:00+00:00,2026-05-04 07:32:00+00:00,2026-05-04,overnight,-1.00000000,stop,0,18.75000000,-1.05333300,-1.15946633,-39.49998750,-43.47998750,1.50666700,-1.38666700,1.00000000,logistic,0.54022683,development_oof,wf_3,logistic,development_oof,0.35000000
1000096,2026-05-05 01:30:00+00:00,2026-05-05 01:30:00+00:00,2026-05-05 01:32:00+00:00,2026-05-05,overnight,1.00000000,stop,0,14.00000000,-1.07142900,-1.21357186,-30.00001200,-33.98001200,0.41071400,-1.16071400,1.00000000,logistic,0.80034376,development_oof,wf_3,logistic,development_oof,0.35000000
1000097,2026-05-05 01:53:00+00:00,2026-05-05 01:53:00+00:00,2026-05-05 01:58:00+00:00,2026-05-05,overnight,-1.00000000,stop,0,15.50000000,-1.06451600,-1.19290310,-32.99999600,-36.97999600,0.43548400,-1.25806500,1.00000000,logistic,0.72297736,development_oof,wf_3,logistic,development_oof,0.35000000
1000099,2026-05-05 05:51:00+00:00,2026-05-05 05:51:00+00:00,2026-05-05 05:54:00+00:00,2026-05-05,overnight,-1.00000000,target,1,4.25000000,1.76470600,1.29647071,15.00000100,11.02000100,2.47058800,-0.41176500,1.00000000,logistic,0.98753792,development_oof,wf_3,logistic,development_oof,0.35000000
1000102,2026-05-06 22:14:00+00:00,2026-05-06 22:14:00+00:00,2026-05-06 22:16:00+00:00,2026-05-07,overnight,-1.00000000,stop,0,12.00000000,-1.08333300,-1.24916633,-25.99999200,-29.97999200,0.29166700,-1.81250000,1.00000000,logistic,0.46335931,development_oof,wf_3,logistic,development_oof,0.35000000
1000103,2026-05-06 22:44:00+00:00,2026-05-06 22:44:00+00:00,2026-05-06 22:45:00+00:00,2026-05-07,overnight,-1.00000000,stop,0,25.00000000,-1.04000000,-1.11960000,-52.00000000,-55.98000000,0.10000000,-1.70000000,1.00000000,logistic,0.58130352,development_oof,wf_3,logistic,development_oof,0.35000000
1000104,2026-05-06 23:47:00+00:00,2026-05-06 23:47:00+00:00,2026-05-06 23:56:00+00:00,2026-05-07,overnight,-1.00000000,target,1,13.00000000,1.92307700,1.77000008,50.00000200,46.02000200,2.09615400,-0.53846200,1.00000000,logistic,0.51202032,development_oof,wf_3,logistic,development_oof,0.35000000
1000111,2026-05-11 14:07:00+00:00,2026-05-11 14:07:00+00:00,2026-05-11 14:18:00+00:00,2026-05-11,rth_open_09_30_11_00,-1.00000000,target,1,12.00000000,1.91666700,1.75083367,46.00000800,42.02000800,2.04166700,-0.37500000,1.00000000,logistic,0.76714417,development_oof,wf_4,logistic,development_oof,0.35000000
1000115,2026-05-12 02:52:00+00:00,2026-05-12 02:52:00+00:00,2026-05-12 02:54:00+00:00,2026-05-12,overnight,-1.00000000,stop,0,9.25000000,-1.10810800,-1.32324314,-20.49999800,-24.47999800,1.10810800,-1.72973000,1.00000000,logistic,0.40693737,development_oof,wf_4,logistic,development_oof,0.35000000
1000118,2026-05-13 22:25:00+00:00,2026-05-13 22:25:00+00:00,2026-05-13 22:26:00+00:00,2026-05-14,overnight,-1.00000000,target,1,9.25000000,1.89189200,1.67675686,35.00000200,31.02000200,2.67567600,-0.13513500,1.00000000,logistic,0.44954319,development_oof,wf_4,logistic,development_oof,0.35000000
1000120,2026-05-14 20:33:00+00:00,2026-05-14 20:33:00+00:00,2026-05-14 20:35:00+00:00,2026-05-14,overnight,1.00000000,target,1,17.75000000,1.94366200,1.83154932,69.00000100,65.02000100,2.05633800,-0.39436600,1.00000000,logistic,0.57787099,development_oof,wf_4,logistic,development_oof,0.35000000
1000121,2026-05-15 00:07:00+00:00,2026-05-15 00:07:00+00:00,2026-05-15 00:10:00+00:00,2026-05-15,overnight,-1.00000000,target,1,13.75000000,1.92727300,1.78254573,53.00000750,49.02000750,2.45454500,-0.12727300,1.00000000,logistic,0.52322783,development_oof,wf_4,logistic,development_oof,0.35000000
1000127,2026-05-15 05:47:00+00:00,2026-05-15 05:47:00+00:00,2026-05-15 05:55:00+00:00,2026-05-15,overnight,1.00000000,stop,0,12.25000000,-1.08163300,-1.24408198,-26.50000850,-30.48000850,0.02040800,-1.04081600,1.00000000,logistic,0.95740638,development_oof,wf_4,logistic,development_oof,0.35000000
1000157,2026-05-25 05:42:00+00:00,2026-05-25 05:42:00+00:00,2026-05-25 05:47:00+00:00,2026-05-25,overnight,1.00000000,stop,0,6.25000000,-1.16000000,-1.47840000,-14.50000000,-18.48000000,0.32000000,-1.28000000,1.00000000,analog,0.48242858,final_test,final_test,analog,final_test,0.44387800
1000168,2026-05-26 15:55:00+00:00,2026-05-26 15:55:00+00:00,2026-05-26 16:01:00+00:00,2026-05-26,rth_lunch_11_30_13_30,-1.00000000,stop,0,22.00000000,-1.04545500,-1.13590955,-46.00002000,-49.98002000,1.10227300,-1.14772700,1.00000000,analog,0.48408228,final_test,final_test,analog,final_test,0.44387800
1000184,2026-05-28 01:02:00+00:00,2026-05-28 01:02:00+00:00,2026-05-28 01:02:00+00:00,2026-05-28,overnight,1.00000000,target,1,13.50000000,1.92592600,1.77851859,52.00000200,48.02000200,6.55555600,0.00000000,1.00000000,analog,0.46743297,final_test,final_test,analog,final_test,0.44387800
1000203,2026-05-29 19:25:00+00:00,2026-05-29 19:25:00+00:00,2026-05-29 19:26:00+00:00,2026-05-29,rth_close_15_00_16_00,1.00000000,stop,0,4.25000000,-1.23529400,-1.70352929,-10.49999900,-14.47999900,0.23529400,-1.29411800,1.00000000,analog,0.47905926,final_test,final_test,analog,final_test,0.44387800
1000204,2026-05-29 19:28:00+00:00,2026-05-29 19:28:00+00:00,2026-05-29 19:31:00+00:00,2026-05-29,rth_close_15_00_16_00,1.00000000,target,1,7.75000000,1.87096800,1.61419381,29.00000400,25.02000400,2.51612900,-0.16129000,1.00000000,analog,0.45608166,final_test,final_test,analog,final_test,0.44387800
1000205,2026-06-01 05:07:00+00:00,2026-06-01 05:07:00+00:00,2026-06-01 05:11:00+00:00,2026-06-01,overnight,-1.00000000,stop,0,15.75000000,-1.06349200,-1.18984121,-33.49999800,-37.47999800,0.73015900,-1.44444400,1.00000000,analog,0.49351234,final_test,final_test,analog,final_test,0.44387800
1000206,2026-06-01 05:09:00+00:00,2026-06-01 05:09:00+00:00,2026-06-01 05:11:00+00:00,2026-06-01,overnight,-1.00000000,stop,0,18.50000000,-1.05405400,-1.16162157,-38.99999800,-42.97999800,0.09459500,-1.66216200,1.00000000,analog,0.47643882,final_test,final_test,analog,final_test,0.44387800
1000210,2026-06-01 23:41:00+00:00,2026-06-01 23:41:00+00:00,2026-06-01 23:42:00+00:00,2026-06-02,overnight,1.00000000,stop,0,4.75000000,-1.21052600,-1.62947337,-11.49999700,-15.47999700,1.31578900,-1.73684200,1.00000000,analog,0.44879859,final_test,final_test,analog,final_test,0.44387800
1000214,2026-06-02 21:30:00+00:00,2026-06-02 21:30:00+00:00,2026-06-02 21:32:00+00:00,2026-06-02,overnight,1.00000000,target,1,10.75000000,1.90697700,1.72186072,41.00000550,37.02000550,3.37209300,-0.44186000,1.00000000,analog,0.44873131,final_test,final_test,analog,final_test,0.44387800
1000215,2026-06-02 22:09:00+00:00,2026-06-02 22:09:00+00:00,2026-06-02 22:09:00+00:00,2026-06-03,overnight,1.00000000,target,1,13.25000000,1.92452800,1.77433932,50.99999200,47.01999200,6.24528300,0.00000000,1.00000000,analog,0.48263794,final_test,final_test,analog,final_test,0.44387800
1000217,2026-06-02 22:34:00+00:00,2026-06-02 22:34:00+00:00,2026-06-02 22:34:00+00:00,2026-06-03,overnight,1.00000000,target,1,5.25000000,1.80952400,1.43047638,19.00000200,15.02000200,17.09523800,0.00000000,1.00000000,analog,0.44610752,final_test,final_test,analog,final_test,0.44387800
1000227,2026-06-04 05:02:00+00:00,2026-06-04 05:02:00+00:00,2026-06-04 10:51:00+00:00,2026-06-04,overnight,-1.00000000,target,1,6.50000000,1.84615400,1.54000015,24.00000200,20.02000200,5.15384600,-0.38461500,1.00000000,analog,0.48395066,final_test,final_test,analog,final_test,0.44387800
1000230,2026-06-04 13:40:00+00:00,2026-06-04 13:40:00+00:00,2026-06-04 13:54:00+00:00,2026-06-04,rth_open_09_30_11_00,1.00000000,target,1,12.25000000,1.91836700,1.75591802,46.99999150,43.01999150,2.04081600,-0.06122400,1.00000000,analog,0.46519950,final_test,final_test,analog,final_test,0.44387800
1000232,2026-06-04 16:32:00+00:00,2026-06-04 16:32:00+00:00,2026-06-04 16:33:00+00:00,2026-06-04,rth_lunch_11_30_13_30,-1.00000000,target,1,22.00000000,1.95454500,1.86409045,85.99998000,82.01998000,6.14772700,-0.69318200,1.00000000,analog,0.50794961,final_test,final_test,analog,final_test,0.44387800
1000157,2026-05-25 05:42:00+00:00,2026-05-25 05:42:00+00:00,2026-05-25 05:47:00+00:00,2026-05-25,overnight,1.00000000,stop,0,6.25000000,-1.16000000,-1.47840000,-14.50000000,-18.48000000,0.32000000,-1.28000000,1.00000000,gradient_boosted_trees,0.35623039,final_test,final_test,gradient_boosted_trees,final_test,0.35000000
1000158,2026-05-25 06:54:00+00:00,2026-05-25 06:54:00+00:00,2026-05-25 06:57:00+00:00,2026-05-25,overnight,1.00000000,stop,0,5.50000000,-1.18181800,-1.54363618,-12.99999800,-16.97999800,1.04545500,-1.13636400,1.00000000,gradient_boosted_trees,0.39298397,final_test,final_test,gradient_boosted_trees,final_test,0.35000000
1000159,2026-05-25 06:59:00+00:00,2026-05-25 06:59:00+00:00,2026-05-25 07:03:00+00:00,2026-05-25,overnight,-1.00000000,target,1,4.25000000,1.76470600,1.29647071,15.00000100,11.02000100,2.11764700,-0.52941200,1.00000000,gradient_boosted_trees,0.46419087,final_test,final_test,gradient_boosted_trees,final_test,0.35000000
1000160,2026-05-25 07:34:00+00:00,2026-05-25 07:34:00+00:00,2026-05-25 07:43:00+00:00,2026-05-25,overnight,1.00000000,stop,0,20.00000000,-1.05000000,-1.14950000,-42.00000000,-45.98000000,0.07500000,-1.02500000,1.00000000,gradient_boosted_trees,0.43251167,final_test,final_test,gradient_boosted_trees,final_test,0.35000000
1000162,2026-05-25 10:11:00+00:00,2026-05-25 10:11:00+00:00,2026-05-25 10:31:00+00:00,2026-05-25,overnight,1.00000000,timeout,0,5.75000000,0.17391300,-0.17217396,1.99999950,-1.98000050,1.65217400,-0.86956500,1.00000000,gradient_boosted_trees,0.76732556,final_test,final_test,gradient_boosted_trees,final_test,0.35000000
1000167,2026-05-26 13:41:00+00:00,2026-05-26 13:41:00+00:00,2026-05-26 13:44:00+00:00,2026-05-26,rth_open_09_30_11_00,1.00000000,target,1,26.25000000,1.96190500,1.88609548,103.00001250,99.02001250,2.33333300,-0.13333300,1.00000000,gradient_boosted_trees,0.72766432,final_test,final_test,gradient_boosted_trees,final_test,0.35000000
1000169,2026-05-26 22:09:00+00:00,2026-05-26 22:09:00+00:00,2026-05-26 22:11:00+00:00,2026-05-27,overnight,1.00000000,stop,0,27.00000000,-1.03703700,-1.11074070,-55.99999800,-59.97999800,0.13888900,-1.12963000,1.00000000,gradient_boosted_trees,0.38337631,final_test,final_test,gradient_boosted_trees,final_test,0.35000000
1000170,2026-05-27 01:31:00+00:00,2026-05-27 01:31:00+00:00,2026-05-27 01:31:00+00:00,2026-05-27,overnight,1.00000000,target,1,11.25000000,1.91111100,1.73422211,42.99999750,39.01999750,8.57777800,0.00000000,1.00000000,gradient_boosted_trees,0.43659479,final_test,final_test,gradient_boosted_trees,final_test,0.35000000
1000171,2026-05-27 02:17:00+00:00,2026-05-27 02:17:00+00:00,2026-05-27 02:18:00+00:00,2026-05-27,overnight,1.00000000,target,1,6.25000000,1.84000000,1.52160000,23.00000000,19.02000000,15.64000000,-0.76000000,1.00000000,gradient_boosted_trees,0.48444106,final_test,final_test,gradient_boosted_trees,final_test,0.35000000
1000172,2026-05-27 02:24:00+00:00,2026-05-27 02:24:00+00:00,2026-05-27 02:24:00+00:00,2026-05-27,overnight,1.00000000,target,1,11.50000000,1.91304300,1.73999952,43.99998900,40.01998900,7.56521700,0.00000000,1.00000000,gradient_boosted_trees,0.70615198,final_test,final_test,gradient_boosted_trees,final_test,0.35000000
1000173,2026-05-27 22:01:00+00:00,2026-05-27 22:01:00+00:00,2026-05-27 22:01:00+00:00,2026-05-28,overnight,-1.00000000,stop,0,29.00000000,-1.03448300,-1.10310369,-60.00001400,-63.98001400,0.00000000,-7.00862100,1.00000000,gradient_boosted_trees,0.51332042,final_test,final_test,gradient_boosted_trees,final_test,0.35000000
1000174,2026-05-27 22:14:00+00:00,2026-05-27 22:14:00+00:00,2026-05-27 22:14:00+00:00,2026-05-28,overnight,1.00000000,target,1,17.00000000,1.94117600,1.82411718,65.99998400,62.01998400,6.50000000,0.00000000,1.00000000,gradient_boosted_trees,0.60989218,final_test,final_test,gradient_boosted_trees,final_test,0.35000000
1000175,2026-05-27 23:12:00+00:00,2026-05-27 23:12:00+00:00,2026-05-27 23:12:00+00:00,2026-05-28,overnight,1.00000000,target,1,25.00000000,1.96000000,1.88040000,98.00000000,94.02000000,2.72000000,0.00000000,1.00000000,gradient_boosted_trees,0.62279815,final_test,final_test,gradient_boosted_trees,final_test,0.35000000
1000176,2026-05-28 00:03:00+00:00,2026-05-28 00:03:00+00:00,2026-05-28 00:04:00+00:00,2026-05-28,overnight,1.00000000,target,1,15.50000000,1.93548400,1.80709690,60.00000400,56.02000400,2.19354800,-0.14516100,1.00000000,gradient_boosted_trees,0.73723721,final_test,final_test,gradient_boosted_trees,final_test,0.35000000
1000177,2026-05-28 00:30:00+00:00,2026-05-28 00:30:00+00:00,2026-05-28 00:30:00+00:00,2026-05-28,overnight,-1.00000000,stop,0,11.25000000,-1.08888900,-1.26577789,-24.50000250,-28.48000250,0.00000000,-4.64444400,1.00000000,gradient_boosted_trees,0.49133581,final_test,final_test,gradient_boosted_trees,final_test,0.35000000
1000178,2026-05-28 00:32:00+00:00,2026-05-28 00:32:00+00:00,2026-05-28 00:32:00+00:00,2026-05-28,overnight,1.00000000,target,1,2.75000000,1.63636400,0.91272764,9.00000200,5.02000200,10.00000000,0.00000000,1.00000000,gradient_boosted_trees,0.78127137,final_test,final_test,gradient_boosted_trees,final_test,0.35000000
1000179,2026-05-28 00:37:00+00:00,2026-05-28 00:37:00+00:00,2026-05-28 00:40:00+00:00,2026-05-28,overnight,1.00000000,stop,0,16.75000000,-1.05970100,-1.17850697,-35.49998350,-39.47998350,0.77611900,-1.02985100,1.00000000,gradient_boosted_trees,0.47099435,final_test,final_test,gradient_boosted_trees,final_test,0.35000000
1000183,2026-05-28 00:59:00+00:00,2026-05-28 00:59:00+00:00,2026-05-28 00:59:00+00:00,2026-05-28,overnight,1.00000000,target,1,13.75000000,1.92727300,1.78254573,53.00000750,49.02000750,7.21818200,0.00000000,1.00000000,gradient_boosted_trees,0.62679315,final_test,final_test,gradient_boosted_trees,final_test,0.35000000
1000184,2026-05-28 01:02:00+00:00,2026-05-28 01:02:00+00:00,2026-05-28 01:02:00+00:00,2026-05-28,overnight,1.00000000,target,1,13.50000000,1.92592600,1.77851859,52.00000200,48.02000200,6.55555600,0.00000000,1.00000000,gradient_boosted_trees,0.58784387,final_test,final_test,gradient_boosted_trees,final_test,0.35000000
1000185,2026-05-28 01:07:00+00:00,2026-05-28 01:07:00+00:00,2026-05-28 01:08:00+00:00,2026-05-28,overnight,1.00000000,target,1,14.00000000,1.92857100,1.78642814,53.99998800,50.01998800,5.33928600,0.00000000,1.00000000,gradient_boosted_trees,0.64055207,final_test,final_test,gradient_boosted_trees,final_test,0.35000000
1000186,2026-05-28 01:08:00+00:00,2026-05-28 01:08:00+00:00,2026-05-28 01:09:00+00:00,2026-05-28,overnight,1.00000000,target,1,16.00000000,1.93750000,1.81312500,62.00000000,58.02000000,3.40625000,0.00000000,1.00000000,gradient_boosted_trees,0.78704882,final_test,final_test,gradient_boosted_trees,final_test,0.35000000
1000187,2026-05-28 01:15:00+00:00,2026-05-28 01:15:00+00:00,2026-05-28 01:16:00+00:00,2026-05-28,overnight,1.00000000,target,1,18.25000000,1.94520500,1.83616390,70.99998250,67.01998250,4.06849300,0.00000000,1.00000000,gradient_boosted_trees,0.52482373,final_test,final_test,gradient_boosted_trees,final_test,0.35000000
1000189,2026-05-28 03:09:00+00:00,2026-05-28 03:09:00+00:00,2026-05-28 03:29:00+00:00,2026-05-28,overnight,-1.00000000,timeout,1,27.50000000,1.23636400,1.16400036,68.00002000,64.02002000,1.54545500,-0.30909100,1.00000000,gradient_boosted_trees,0.43472804,final_test,final_test,gradient_boosted_trees,final_test,0.35000000
1000190,2026-05-28 07:37:00+00:00,2026-05-28 07:37:00+00:00,2026-05-28 07:44:00+00:00,2026-05-28,overnight,-1.00000000,stop,0,10.75000000,-1.09302300,-1.27813928,-23.49999450,-27.47999450,1.11627900,-1.04651200,1.00000000,gradient_boosted_trees,0.43816223,final_test,final_test,gradient_boosted_trees,final_test,0.35000000
1000193,2026-05-28 09:51:00+00:00,2026-05-28 09:51:00+00:00,2026-05-28 11:39:00+00:00,2026-05-28,overnight,1.00000000,stop,0,15.00000000,-1.06666700,-1.19933367,-32.00001000,-35.98001000,0.33333300,-10.51666700,1.00000000,gradient_boosted_trees,0.47979314,final_test,final_test,gradient_boosted_trees,final_test,0.35000000
1000194,2026-05-28 22:16:00+00:00,2026-05-28 22:16:00+00:00,2026-05-28 22:16:00+00:00,2026-05-29,overnight,-1.00000000,stop,0,13.75000000,-1.07272700,-1.21745427,-29.49999250,-33.47999250,0.00000000,-7.47272700,1.00000000,gradient_boosted_trees,0.68711816,final_test,final_test,gradient_boosted_trees,final_test,0.35000000
1000195,2026-05-28 22:23:00+00:00,2026-05-28 22:23:00+00:00,2026-05-28 22:23:00+00:00,2026-05-29,overnight,1.00000000,target,1,13.00000000,1.92307700,1.77000008,50.00000200,46.02000200,4.76923100,0.00000000,1.00000000,gradient_boosted_trees,0.53402489,final_test,final_test,gradient_boosted_trees,final_test,0.35000000
1000196,2026-05-28 22:26:00+00:00,2026-05-28 22:26:00+00:00,2026-05-28 22:26:00+00:00,2026-05-29,overnight,1.00000000,target,1,13.50000000,1.92592600,1.77851859,52.00000200,48.02000200,3.48148100,0.00000000,1.00000000,gradient_boosted_trees,0.46298604,final_test,final_test,gradient_boosted_trees,final_test,0.35000000
1000197,2026-05-28 22:27:00+00:00,2026-05-28 22:27:00+00:00,2026-05-28 22:27:00+00:00,2026-05-29,overnight,1.00000000,target,1,11.75000000,1.91489400,1.74553230,45.00000900,41.02000900,3.34042600,0.00000000,1.00000000,gradient_boosted_trees,0.47326732,final_test,final_test,gradient_boosted_trees,final_test,0.35000000
1000198,2026-05-29 00:35:00+00:00,2026-05-29 00:35:00+00:00,2026-05-29 00:36:00+00:00,2026-05-29,overnight,-1.00000000,stop,0,7.75000000,-1.12903200,-1.38580619,-17.49999600,-21.47999600,0.09677400,-1.00000000,1.00000000,gradient_boosted_trees,0.77411346,final_test,final_test,gradient_boosted_trees,final_test,0.35000000
1000202,2026-05-29 16:02:00+00:00,2026-05-29 16:02:00+00:00,2026-05-29 16:11:00+00:00,2026-05-29,rth_lunch_11_30_13_30,1.00000000,target,1,26.50000000,1.96226400,1.88716966,103.99999200,100.01999200,2.13207500,-0.04717000,1.00000000,gradient_boosted_trees,0.62543097,final_test,final_test,gradient_boosted_trees,final_test,0.35000000
1000203,2026-05-29 19:25:00+00:00,2026-05-29 19:25:00+00:00,2026-05-29 19:26:00+00:00,2026-05-29,rth_close_15_00_16_00,1.00000000,stop,0,4.25000000,-1.23529400,-1.70352929,-10.49999900,-14.47999900,0.23529400,-1.29411800,1.00000000,gradient_boosted_trees,0.64498919,final_test,final_test,gradient_boosted_trees,final_test,0.35000000
1000204,2026-05-29 19:28:00+00:00,2026-05-29 19:28:00+00:00,2026-05-29 19:31:00+00:00,2026-05-29,rth_close_15_00_16_00,1.00000000,target,1,7.75000000,1.87096800,1.61419381,29.00000400,25.02000400,2.51612900,-0.16129000,1.00000000,gradient_boosted_trees,0.40808508,final_test,final_test,gradient_boosted_trees,final_test,0.35000000
1000205,2026-06-01 05:07:00+00:00,2026-06-01 05:07:00+00:00,2026-06-01 05:11:00+00:00,2026-06-01,overnight,-1.00000000,stop,0,15.75000000,-1.06349200,-1.18984121,-33.49999800,-37.47999800,0.73015900,-1.44444400,1.00000000,gradient_boosted_trees,0.35689876,final_test,final_test,gradient_boosted_trees,final_test,0.35000000
1000208,2026-06-01 07:03:00+00:00,2026-06-01 07:03:00+00:00,2026-06-01 07:04:00+00:00,2026-06-01,overnight,1.00000000,target,1,12.00000000,1.91666700,1.75083367,46.00000800,42.02000800,7.18750000,-0.10416700,1.00000000,gradient_boosted_trees,0.80489565,final_test,final_test,gradient_boosted_trees,final_test,0.35000000
1000209,2026-06-01 09:01:00+00:00,2026-06-01 09:01:00+00:00,2026-06-01 09:02:00+00:00,2026-06-01,overnight,1.00000000,target,1,8.50000000,1.88235300,1.64823535,32.00000100,28.02000100,6.20588200,-0.29411800,1.00000000,gradient_boosted_trees,0.71177934,final_test,final_test,gradient_boosted_trees,final_test,0.35000000
1000211,2026-06-01 23:44:00+00:00,2026-06-01 23:44:00+00:00,2026-06-02 00:00:00+00:00,2026-06-02,overnight,-1.00000000,stop,0,9.25000000,-1.10810800,-1.32324314,-20.49999800,-24.47999800,1.81081100,-1.40540500,1.00000000,gradient_boosted_trees,0.56492701,final_test,final_test,gradient_boosted_trees,final_test,0.35000000
1000212,2026-06-02 00:06:00+00:00,2026-06-02 00:06:00+00:00,2026-06-02 00:07:00+00:00,2026-06-02,overnight,-1.00000000,stop,0,9.25000000,-1.10810800,-1.32324314,-20.49999800,-24.47999800,0.51351400,-1.24324300,1.00000000,gradient_boosted_trees,0.62542407,final_test,final_test,gradient_boosted_trees,final_test,0.35000000
1000213,2026-06-02 19:01:00+00:00,2026-06-02 19:01:00+00:00,2026-06-02 19:02:00+00:00,2026-06-02,rth_close_15_00_16_00,1.00000000,stop_same_bar,0,3.00000000,-1.33333300,-1.99666633,-7.99999800,-11.97999800,40.41666700,-1.50000000,1.00000000,gradient_boosted_trees,0.42598172,final_test,final_test,gradient_boosted_trees,final_test,0.35000000
1000214,2026-06-02 21:30:00+00:00,2026-06-02 21:30:00+00:00,2026-06-02 21:32:00+00:00,2026-06-02,overnight,1.00000000,target,1,10.75000000,1.90697700,1.72186072,41.00000550,37.02000550,3.37209300,-0.44186000,1.00000000,gradient_boosted_trees,0.54501904,final_test,final_test,gradient_boosted_trees,final_test,0.35000000
1000215,2026-06-02 22:09:00+00:00,2026-06-02 22:09:00+00:00,2026-06-02 22:09:00+00:00,2026-06-03,overnight,1.00000000,target,1,13.25000000,1.92452800,1.77433932,50.99999200,47.01999200,6.24528300,0.00000000,1.00000000,gradient_boosted_trees,0.72428381,final_test,final_test,gradient_boosted_trees,final_test,0.35000000
1000216,2026-06-02 22:15:00+00:00,2026-06-02 22:15:00+00:00,2026-06-02 22:15:00+00:00,2026-06-03,overnight,1.00000000,target,1,16.25000000,1.93846200,1.81600046,63.00001500,59.02001500,4.07692300,0.00000000,1.00000000,gradient_boosted_trees,0.89782100,final_test,final_test,gradient_boosted_trees,final_test,0.35000000
1000217,2026-06-02 22:34:00+00:00,2026-06-02 22:34:00+00:00,2026-06-02 22:34:00+00:00,2026-06-03,overnight,1.00000000,target,1,5.25000000,1.80952400,1.43047638,19.00000200,15.02000200,17.09523800,0.00000000,1.00000000,gradient_boosted_trees,0.82031829,final_test,final_test,gradient_boosted_trees,final_test,0.35000000
1000218,2026-06-02 22:35:00+00:00,2026-06-02 22:35:00+00:00,2026-06-02 22:35:00+00:00,2026-06-03,overnight,1.00000000,target,1,11.50000000,1.91304300,1.73999952,43.99998900,40.01998900,7.00000000,0.00000000,1.00000000,gradient_boosted_trees,0.40786970,final_test,final_test,gradient_boosted_trees,final_test,0.35000000
1000219,2026-06-02 22:36:00+00:00,2026-06-02 22:36:00+00:00,2026-06-02 22:36:00+00:00,2026-06-03,overnight,1.00000000,target,1,14.75000000,1.93220300,1.79728775,56.99998850,53.01998850,4.52542400,0.00000000,1.00000000,gradient_boosted_trees,0.70192033,final_test,final_test,gradient_boosted_trees,final_test,0.35000000
1000220,2026-06-02 23:13:00+00:00,2026-06-02 23:13:00+00:00,2026-06-02 23:17:00+00:00,2026-06-03,overnight,1.00000000,stop,0,13.50000000,-1.07407400,-1.22148141,-28.99999800,-32.97999800,0.11111100,-1.66666700,1.00000000,gradient_boosted_trees,0.36782193,final_test,final_test,gradient_boosted_trees,final_test,0.35000000
1000222,2026-06-03 18:27:00+00:00,2026-06-03 18:27:00+00:00,2026-06-03 18:35:00+00:00,2026-06-03,rth_afternoon_13_30_15_00,1.00000000,stop,0,13.75000000,-1.07272700,-1.21745427,-29.49999250,-33.47999250,0.30909100,-1.21818200,1.00000000,gradient_boosted_trees,0.45724196,final_test,final_test,gradient_boosted_trees,final_test,0.35000000
1000224,2026-06-03 22:01:00+00:00,2026-06-03 22:01:00+00:00,2026-06-03 22:01:00+00:00,2026-06-04,overnight,1.00000000,stop,0,16.00000000,-1.06250000,-1.18687500,-34.00000000,-37.98000000,0.00000000,-15.42187500,1.00000000,gradient_boosted_trees,0.59521022,final_test,final_test,gradient_boosted_trees,final_test,0.35000000
1000225,2026-06-04 01:11:00+00:00,2026-06-04 01:11:00+00:00,2026-06-04 01:16:00+00:00,2026-06-04,overnight,1.00000000,stop,0,9.75000000,-1.10256400,-1.30666656,-21.49999800,-25.47999800,1.00000000,-1.79487200,1.00000000,gradient_boosted_trees,0.52931693,final_test,final_test,gradient_boosted_trees,final_test,0.35000000
1000233,2026-06-04 22:01:00+00:00,2026-06-04 22:01:00+00:00,2026-06-04 22:10:00+00:00,2026-06-05,overnight,1.00000000,target,1,26.25000000,1.96190500,1.88609548,103.00001250,99.02001250,2.20000000,-0.92381000,1.00000000,gradient_boosted_trees,0.66292321,final_test,final_test,gradient_boosted_trees,final_test,0.35000000
1000235,2026-06-04 22:08:00+00:00,2026-06-04 22:08:00+00:00,2026-06-04 22:08:00+00:00,2026-06-05,overnight,1.00000000,stop,0,19.50000000,-1.05128200,-1.15333328,-40.99999800,-44.97999800,0.00000000,-1.37179500,1.00000000,gradient_boosted_trees,0.75245395,final_test,final_test,gradient_boosted_trees,final_test,0.35000000
1000157,2026-05-25 05:42:00+00:00,2026-05-25 05:42:00+00:00,2026-05-25 05:47:00+00:00,2026-05-25,overnight,1.00000000,stop,0,6.25000000,-1.16000000,-1.47840000,-14.50000000,-18.48000000,0.32000000,-1.28000000,1.00000000,logistic,0.55826905,final_test,final_test,logistic,final_test,0.35000000
1000159,2026-05-25 06:59:00+00:00,2026-05-25 06:59:00+00:00,2026-05-25 07:03:00+00:00,2026-05-25,overnight,-1.00000000,target,1,4.25000000,1.76470600,1.29647071,15.00000100,11.02000100,2.11764700,-0.52941200,1.00000000,logistic,0.38832339,final_test,final_test,logistic,final_test,0.35000000
1000160,2026-05-25 07:34:00+00:00,2026-05-25 07:34:00+00:00,2026-05-25 07:43:00+00:00,2026-05-25,overnight,1.00000000,stop,0,20.00000000,-1.05000000,-1.14950000,-42.00000000,-45.98000000,0.07500000,-1.02500000,1.00000000,logistic,0.47702159,final_test,final_test,logistic,final_test,0.35000000
1000161,2026-05-25 08:12:00+00:00,2026-05-25 08:12:00+00:00,2026-05-25 08:32:00+00:00,2026-05-25,overnight,-1.00000000,timeout,1,11.25000000,0.35555600,0.17866711,8.00001000,4.02001000,1.57777800,-0.33333300,1.00000000,logistic,0.36920332,final_test,final_test,logistic,final_test,0.35000000
1000162,2026-05-25 10:11:00+00:00,2026-05-25 10:11:00+00:00,2026-05-25 10:31:00+00:00,2026-05-25,overnight,1.00000000,timeout,0,5.75000000,0.17391300,-0.17217396,1.99999950,-1.98000050,1.65217400,-0.86956500,1.00000000,logistic,0.48643280,final_test,final_test,logistic,final_test,0.35000000
1000164,2026-05-25 22:08:00+00:00,2026-05-25 22:08:00+00:00,2026-05-25 22:13:00+00:00,2026-05-26,overnight,-1.00000000,stop,0,13.50000000,-1.07407400,-1.22148141,-28.99999800,-32.97999800,0.29629600,-1.16666700,1.00000000,logistic,0.63187453,final_test,final_test,logistic,final_test,0.35000000
1000167,2026-05-26 13:41:00+00:00,2026-05-26 13:41:00+00:00,2026-05-26 13:44:00+00:00,2026-05-26,rth_open_09_30_11_00,1.00000000,target,1,26.25000000,1.96190500,1.88609548,103.00001250,99.02001250,2.33333300,-0.13333300,1.00000000,logistic,0.89858448,final_test,final_test,logistic,final_test,0.35000000
1000169,2026-05-26 22:09:00+00:00,2026-05-26 22:09:00+00:00,2026-05-26 22:11:00+00:00,2026-05-27,overnight,1.00000000,stop,0,27.00000000,-1.03703700,-1.11074070,-55.99999800,-59.97999800,0.13888900,-1.12963000,1.00000000,logistic,0.59152128,final_test,final_test,logistic,final_test,0.35000000
1000171,2026-05-27 02:17:00+00:00,2026-05-27 02:17:00+00:00,2026-05-27 02:18:00+00:00,2026-05-27,overnight,1.00000000,target,1,6.25000000,1.84000000,1.52160000,23.00000000,19.02000000,15.64000000,-0.76000000,1.00000000,logistic,0.38476457,final_test,final_test,logistic,final_test,0.35000000
1000172,2026-05-27 02:24:00+00:00,2026-05-27 02:24:00+00:00,2026-05-27 02:24:00+00:00,2026-05-27,overnight,1.00000000,target,1,11.50000000,1.91304300,1.73999952,43.99998900,40.01998900,7.56521700,0.00000000,1.00000000,logistic,0.98315751,final_test,final_test,logistic,final_test,0.35000000
1000173,2026-05-27 22:01:00+00:00,2026-05-27 22:01:00+00:00,2026-05-27 22:01:00+00:00,2026-05-28,overnight,-1.00000000,stop,0,29.00000000,-1.03448300,-1.10310369,-60.00001400,-63.98001400,0.00000000,-7.00862100,1.00000000,logistic,0.40543038,final_test,final_test,logistic,final_test,0.35000000
1000174,2026-05-27 22:14:00+00:00,2026-05-27 22:14:00+00:00,2026-05-27 22:14:00+00:00,2026-05-28,overnight,1.00000000,target,1,17.00000000,1.94117600,1.82411718,65.99998400,62.01998400,6.50000000,0.00000000,1.00000000,logistic,0.50250623,final_test,final_test,logistic,final_test,0.35000000
1000175,2026-05-27 23:12:00+00:00,2026-05-27 23:12:00+00:00,2026-05-27 23:12:00+00:00,2026-05-28,overnight,1.00000000,target,1,25.00000000,1.96000000,1.88040000,98.00000000,94.02000000,2.72000000,0.00000000,1.00000000,logistic,0.83515663,final_test,final_test,logistic,final_test,0.35000000
1000176,2026-05-28 00:03:00+00:00,2026-05-28 00:03:00+00:00,2026-05-28 00:04:00+00:00,2026-05-28,overnight,1.00000000,target,1,15.50000000,1.93548400,1.80709690,60.00000400,56.02000400,2.19354800,-0.14516100,1.00000000,logistic,0.70909797,final_test,final_test,logistic,final_test,0.35000000
1000178,2026-05-28 00:32:00+00:00,2026-05-28 00:32:00+00:00,2026-05-28 00:32:00+00:00,2026-05-28,overnight,1.00000000,target,1,2.75000000,1.63636400,0.91272764,9.00000200,5.02000200,10.00000000,0.00000000,1.00000000,logistic,0.39850798,final_test,final_test,logistic,final_test,0.35000000
1000179,2026-05-28 00:37:00+00:00,2026-05-28 00:37:00+00:00,2026-05-28 00:40:00+00:00,2026-05-28,overnight,1.00000000,stop,0,16.75000000,-1.05970100,-1.17850697,-35.49998350,-39.47998350,0.77611900,-1.02985100,1.00000000,logistic,0.65481485,final_test,final_test,logistic,final_test,0.35000000
1000181,2026-05-28 00:51:00+00:00,2026-05-28 00:51:00+00:00,2026-05-28 00:51:00+00:00,2026-05-28,overnight,1.00000000,target,1,7.00000000,1.85714300,1.57285729,26.00000200,22.02000200,9.50000000,0.00000000,1.00000000,logistic,0.74225661,final_test,final_test,logistic,final_test,0.35000000
1000183,2026-05-28 00:59:00+00:00,2026-05-28 00:59:00+00:00,2026-05-28 00:59:00+00:00,2026-05-28,overnight,1.00000000,target,1,13.75000000,1.92727300,1.78254573,53.00000750,49.02000750,7.21818200,0.00000000,1.00000000,logistic,0.93557168,final_test,final_test,logistic,final_test,0.35000000
1000186,2026-05-28 01:08:00+00:00,2026-05-28 01:08:00+00:00,2026-05-28 01:09:00+00:00,2026-05-28,overnight,1.00000000,target,1,16.00000000,1.93750000,1.81312500,62.00000000,58.02000000,3.40625000,0.00000000,1.00000000,logistic,0.63690614,final_test,final_test,logistic,final_test,0.35000000
1000189,2026-05-28 03:09:00+00:00,2026-05-28 03:09:00+00:00,2026-05-28 03:29:00+00:00,2026-05-28,overnight,-1.00000000,timeout,1,27.50000000,1.23636400,1.16400036,68.00002000,64.02002000,1.54545500,-0.30909100,1.00000000,logistic,0.45368751,final_test,final_test,logistic,final_test,0.35000000
1000190,2026-05-28 07:37:00+00:00,2026-05-28 07:37:00+00:00,2026-05-28 07:44:00+00:00,2026-05-28,overnight,-1.00000000,stop,0,10.75000000,-1.09302300,-1.27813928,-23.49999450,-27.47999450,1.11627900,-1.04651200,1.00000000,logistic,0.37239348,final_test,final_test,logistic,final_test,0.35000000
1000191,2026-05-28 08:02:00+00:00,2026-05-28 08:02:00+00:00,2026-05-28 08:03:00+00:00,2026-05-28,overnight,1.00000000,stop,0,6.75000000,-1.14814800,-1.44296281,-15.49999800,-19.47999800,0.11111100,-2.81481500,1.00000000,logistic,0.53195097,final_test,final_test,logistic,final_test,0.35000000
1000192,2026-05-28 08:35:00+00:00,2026-05-28 08:35:00+00:00,2026-05-28 08:51:00+00:00,2026-05-28,overnight,1.00000000,stop,0,16.25000000,-1.06153800,-1.18399954,-34.49998500,-38.47998500,0.63076900,-1.03076900,1.00000000,logistic,0.65335444,final_test,final_test,logistic,final_test,0.35000000
1000193,2026-05-28 09:51:00+00:00,2026-05-28 09:51:00+00:00,2026-05-28 11:39:00+00:00,2026-05-28,overnight,1.00000000,stop,0,15.00000000,-1.06666700,-1.19933367,-32.00001000,-35.98001000,0.33333300,-10.51666700,1.00000000,logistic,0.47893324,final_test,final_test,logistic,final_test,0.35000000
1000194,2026-05-28 22:16:00+00:00,2026-05-28 22:16:00+00:00,2026-05-28 22:16:00+00:00,2026-05-29,overnight,-1.00000000,stop,0,13.75000000,-1.07272700,-1.21745427,-29.49999250,-33.47999250,0.00000000,-7.47272700,1.00000000,logistic,0.85979611,final_test,final_test,logistic,final_test,0.35000000
1000195,2026-05-28 22:23:00+00:00,2026-05-28 22:23:00+00:00,2026-05-28 22:23:00+00:00,2026-05-29,overnight,1.00000000,target,1,13.00000000,1.92307700,1.77000008,50.00000200,46.02000200,4.76923100,0.00000000,1.00000000,logistic,0.92819325,final_test,final_test,logistic,final_test,0.35000000
1000198,2026-05-29 00:35:00+00:00,2026-05-29 00:35:00+00:00,2026-05-29 00:36:00+00:00,2026-05-29,overnight,-1.00000000,stop,0,7.75000000,-1.12903200,-1.38580619,-17.49999600,-21.47999600,0.09677400,-1.00000000,1.00000000,logistic,0.65407865,final_test,final_test,logistic,final_test,0.35000000
1000199,2026-05-29 01:48:00+00:00,2026-05-29 01:48:00+00:00,2026-05-29 02:08:00+00:00,2026-05-29,overnight,-1.00000000,stop,0,17.00000000,-1.05882400,-1.17588282,-36.00001600,-39.98001600,0.51470600,-1.13235300,1.00000000,logistic,0.77098521,final_test,final_test,logistic,final_test,0.35000000
1000201,2026-05-29 14:41:00+00:00,2026-05-29 14:41:00+00:00,2026-05-29 14:45:00+00:00,2026-05-29,rth_open_09_30_11_00,-1.00000000,target,1,25.50000000,1.96078400,1.88274478,99.99998400,96.01998400,2.00980400,-0.63725500,1.00000000,logistic,0.72210222,final_test,final_test,logistic,final_test,0.35000000
1000205,2026-06-01 05:07:00+00:00,2026-06-01 05:07:00+00:00,2026-06-01 05:11:00+00:00,2026-06-01,overnight,-1.00000000,stop,0,15.75000000,-1.06349200,-1.18984121,-33.49999800,-37.47999800,0.73015900,-1.44444400,1.00000000,logistic,0.47471338,final_test,final_test,logistic,final_test,0.35000000
1000206,2026-06-01 05:09:00+00:00,2026-06-01 05:09:00+00:00,2026-06-01 05:11:00+00:00,2026-06-01,overnight,-1.00000000,stop,0,18.50000000,-1.05405400,-1.16162157,-38.99999800,-42.97999800,0.09459500,-1.66216200,1.00000000,logistic,0.41650290,final_test,final_test,logistic,final_test,0.35000000
1000208,2026-06-01 07:03:00+00:00,2026-06-01 07:03:00+00:00,2026-06-01 07:04:00+00:00,2026-06-01,overnight,1.00000000,target,1,12.00000000,1.91666700,1.75083367,46.00000800,42.02000800,7.18750000,-0.10416700,1.00000000,logistic,0.96930350,final_test,final_test,logistic,final_test,0.35000000
1000209,2026-06-01 09:01:00+00:00,2026-06-01 09:01:00+00:00,2026-06-01 09:02:00+00:00,2026-06-01,overnight,1.00000000,target,1,8.50000000,1.88235300,1.64823535,32.00000100,28.02000100,6.20588200,-0.29411800,1.00000000,logistic,0.70630964,final_test,final_test,logistic,final_test,0.35000000
1000211,2026-06-01 23:44:00+00:00,2026-06-01 23:44:00+00:00,2026-06-02 00:00:00+00:00,2026-06-02,overnight,-1.00000000,stop,0,9.25000000,-1.10810800,-1.32324314,-20.49999800,-24.47999800,1.81081100,-1.40540500,1.00000000,logistic,0.42291808,final_test,final_test,logistic,final_test,0.35000000
1000212,2026-06-02 00:06:00+00:00,2026-06-02 00:06:00+00:00,2026-06-02 00:07:00+00:00,2026-06-02,overnight,-1.00000000,stop,0,9.25000000,-1.10810800,-1.32324314,-20.49999800,-24.47999800,0.51351400,-1.24324300,1.00000000,logistic,0.41709027,final_test,final_test,logistic,final_test,0.35000000
1000214,2026-06-02 21:30:00+00:00,2026-06-02 21:30:00+00:00,2026-06-02 21:32:00+00:00,2026-06-02,overnight,1.00000000,target,1,10.75000000,1.90697700,1.72186072,41.00000550,37.02000550,3.37209300,-0.44186000,1.00000000,logistic,0.40773310,final_test,final_test,logistic,final_test,0.35000000
1000215,2026-06-02 22:09:00+00:00,2026-06-02 22:09:00+00:00,2026-06-02 22:09:00+00:00,2026-06-03,overnight,1.00000000,target,1,13.25000000,1.92452800,1.77433932,50.99999200,47.01999200,6.24528300,0.00000000,1.00000000,logistic,0.87655058,final_test,final_test,logistic,final_test,0.35000000
1000216,2026-06-02 22:15:00+00:00,2026-06-02 22:15:00+00:00,2026-06-02 22:15:00+00:00,2026-06-03,overnight,1.00000000,target,1,16.25000000,1.93846200,1.81600046,63.00001500,59.02001500,4.07692300,0.00000000,1.00000000,logistic,0.81910166,final_test,final_test,logistic,final_test,0.35000000
1000218,2026-06-02 22:35:00+00:00,2026-06-02 22:35:00+00:00,2026-06-02 22:35:00+00:00,2026-06-03,overnight,1.00000000,target,1,11.50000000,1.91304300,1.73999952,43.99998900,40.01998900,7.00000000,0.00000000,1.00000000,logistic,0.47054143,final_test,final_test,logistic,final_test,0.35000000
1000220,2026-06-02 23:13:00+00:00,2026-06-02 23:13:00+00:00,2026-06-02 23:17:00+00:00,2026-06-03,overnight,1.00000000,stop,0,13.50000000,-1.07407400,-1.22148141,-28.99999800,-32.97999800,0.11111100,-1.66666700,1.00000000,logistic,0.59109215,final_test,final_test,logistic,final_test,0.35000000
1000223,2026-06-03 19:22:00+00:00,2026-06-03 19:22:00+00:00,2026-06-03 19:31:00+00:00,2026-06-03,rth_close_15_00_16_00,-1.00000000,stop,0,22.50000000,-1.04444400,-1.13288844,-46.99998000,-50.97998000,0.40000000,-1.31111100,1.00000000,logistic,0.86923740,final_test,final_test,logistic,final_test,0.35000000
1000224,2026-06-03 22:01:00+00:00,2026-06-03 22:01:00+00:00,2026-06-03 22:01:00+00:00,2026-06-04,overnight,1.00000000,stop,0,16.00000000,-1.06250000,-1.18687500,-34.00000000,-37.98000000,0.00000000,-15.42187500,1.00000000,logistic,0.65819673,final_test,final_test,logistic,final_test,0.35000000
1000225,2026-06-04 01:11:00+00:00,2026-06-04 01:11:00+00:00,2026-06-04 01:16:00+00:00,2026-06-04,overnight,1.00000000,stop,0,9.75000000,-1.10256400,-1.30666656,-21.49999800,-25.47999800,1.00000000,-1.79487200,1.00000000,logistic,0.61084544,final_test,final_test,logistic,final_test,0.35000000
1000228,2026-06-04 12:47:00+00:00,2026-06-04 12:47:00+00:00,2026-06-04 13:04:00+00:00,2026-06-04,overnight,-1.00000000,stop,0,12.75000000,-1.07843100,-1.23450943,-27.49999050,-31.47999050,1.68627500,-1.49019600,1.00000000,logistic,0.53653974,final_test,final_test,logistic,final_test,0.35000000
1000229,2026-06-04 13:31:00+00:00,2026-06-04 13:31:00+00:00,2026-06-04 13:34:00+00:00,2026-06-04,rth_open_09_30_11_00,-1.00000000,stop,0,10.75000000,-1.09302300,-1.27813928,-23.49999450,-27.47999450,0.83720900,-1.46511600,1.00000000,logistic,0.35247442,final_test,final_test,logistic,final_test,0.35000000
1000230,2026-06-04 13:40:00+00:00,2026-06-04 13:40:00+00:00,2026-06-04 13:54:00+00:00,2026-06-04,rth_open_09_30_11_00,1.00000000,target,1,12.25000000,1.91836700,1.75591802,46.99999150,43.01999150,2.04081600,-0.06122400,1.00000000,logistic,0.87289435,final_test,final_test,logistic,final_test,0.35000000
1000232,2026-06-04 16:32:00+00:00,2026-06-04 16:32:00+00:00,2026-06-04 16:33:00+00:00,2026-06-04,rth_lunch_11_30_13_30,-1.00000000,target,1,22.00000000,1.95454500,1.86409045,85.99998000,82.01998000,6.14772700,-0.69318200,1.00000000,logistic,0.53710119,final_test,final_test,logistic,final_test,0.35000000
1000235,2026-06-04 22:08:00+00:00,2026-06-04 22:08:00+00:00,2026-06-04 22:08:00+00:00,2026-06-05,overnight,1.00000000,stop,0,19.50000000,-1.05128200,-1.15333328,-40.99999800,-44.97999800,0.00000000,-1.37179500,1.00000000,logistic,0.35343836,final_test,final_test,logistic,final_test,0.35000000
1000131,2026-05-18 11:24:00+00:00,2026-05-18 11:24:00+00:00,2026-05-18 11:26:00+00:00,2026-05-18,overnight,-1.00000000,target,1,9.75000000,1.89743600,1.69333344,37.00000200,33.02000200,3.43589700,-0.12820500,1.00000000,gradient_boosted_trees,0.59492395,validation,validation,gradient_boosted_trees,validation,0.35000000
1000133,2026-05-18 18:10:00+00:00,2026-05-18 18:10:00+00:00,2026-05-18 18:12:00+00:00,2026-05-18,rth_afternoon_13_30_15_00,-1.00000000,stop,0,27.25000000,-1.03669700,-1.10972452,-56.49998650,-60.47998650,0.55963300,-1.17431200,1.00000000,gradient_boosted_trees,0.52373803,validation,validation,gradient_boosted_trees,validation,0.35000000
1000137,2026-05-18 23:55:00+00:00,2026-05-18 23:55:00+00:00,2026-05-18 23:55:00+00:00,2026-05-19,overnight,1.00000000,target,1,24.00000000,1.95833300,1.87541633,93.99998400,90.01998400,4.54166700,0.00000000,1.00000000,gradient_boosted_trees,0.47005384,validation,validation,gradient_boosted_trees,validation,0.35000000
1000144,2026-05-20 12:02:00+00:00,2026-05-20 12:02:00+00:00,2026-05-20 12:03:00+00:00,2026-05-20,overnight,1.00000000,target,1,26.25000000,1.96190500,1.88609548,103.00001250,99.02001250,6.62857100,-0.36190500,1.00000000,gradient_boosted_trees,0.41379752,validation,validation,gradient_boosted_trees,validation,0.35000000
1000145,2026-05-20 20:59:00+00:00,2026-05-20 20:59:00+00:00,2026-05-20 21:00:00+00:00,2026-05-20,overnight,-1.00000000,stop,0,24.25000000,-1.04123700,-1.12329886,-50.49999450,-54.47999450,0.22680400,-1.08247400,1.00000000,gradient_boosted_trees,0.43371099,validation,validation,gradient_boosted_trees,validation,0.35000000
1000146,2026-05-21 06:51:00+00:00,2026-05-21 06:51:00+00:00,2026-05-21 06:52:00+00:00,2026-05-21,overnight,-1.00000000,stop_same_bar,0,9.75000000,-1.10256400,-1.30666656,-21.49999800,-25.47999800,9.61538500,-1.35897400,1.00000000,gradient_boosted_trees,0.40855654,validation,validation,gradient_boosted_trees,validation,0.35000000
1000147,2026-05-21 07:02:00+00:00,2026-05-21 07:02:00+00:00,2026-05-21 07:03:00+00:00,2026-05-21,overnight,-1.00000000,target,1,16.75000000,1.94029900,1.82149303,65.00001650,61.02001650,6.43283600,-0.26865700,1.00000000,gradient_boosted_trees,0.67441573,validation,validation,gradient_boosted_trees,validation,0.35000000
1000148,2026-05-21 15:45:00+00:00,2026-05-21 15:45:00+00:00,2026-05-21 15:46:00+00:00,2026-05-21,rth_lunch_11_30_13_30,-1.00000000,stop,0,10.00000000,-1.10000000,-1.29900000,-22.00000000,-25.98000000,0.12500000,-1.42500000,1.00000000,gradient_boosted_trees,0.47283686,validation,validation,gradient_boosted_trees,validation,0.35000000
1000131,2026-05-18 11:24:00+00:00,2026-05-18 11:24:00+00:00,2026-05-18 11:26:00+00:00,2026-05-18,overnight,-1.00000000,target,1,9.75000000,1.89743600,1.69333344,37.00000200,33.02000200,3.43589700,-0.12820500,1.00000000,logistic,0.68024286,validation,validation,logistic,validation,0.35000000
1000132,2026-05-18 14:25:00+00:00,2026-05-18 14:25:00+00:00,2026-05-18 14:27:00+00:00,2026-05-18,rth_open_09_30_11_00,1.00000000,target,1,17.00000000,1.94117600,1.82411718,65.99998400,62.01998400,2.80882400,-0.10294100,1.00000000,logistic,0.50712341,validation,validation,logistic,validation,0.35000000
1000133,2026-05-18 18:10:00+00:00,2026-05-18 18:10:00+00:00,2026-05-18 18:12:00+00:00,2026-05-18,rth_afternoon_13_30_15_00,-1.00000000,stop,0,27.25000000,-1.03669700,-1.10972452,-56.49998650,-60.47998650,0.55963300,-1.17431200,1.00000000,logistic,0.99999998,validation,validation,logistic,validation,0.35000000
1000136,2026-05-18 23:22:00+00:00,2026-05-18 23:22:00+00:00,2026-05-18 23:22:00+00:00,2026-05-19,overnight,1.00000000,target,1,10.75000000,1.90697700,1.72186072,41.00000550,37.02000550,9.02325600,0.00000000,1.00000000,logistic,0.93271228,validation,validation,logistic,validation,0.35000000
1000137,2026-05-18 23:55:00+00:00,2026-05-18 23:55:00+00:00,2026-05-18 23:55:00+00:00,2026-05-19,overnight,1.00000000,target,1,24.00000000,1.95833300,1.87541633,93.99998400,90.01998400,4.54166700,0.00000000,1.00000000,logistic,0.99999993,validation,validation,logistic,validation,0.35000000
1000138,2026-05-19 03:47:00+00:00,2026-05-19 03:47:00+00:00,2026-05-19 03:48:00+00:00,2026-05-19,overnight,1.00000000,target,1,5.50000000,1.81818200,1.45636382,20.00000200,16.02000200,16.63636400,0.00000000,1.00000000,logistic,0.97584762,validation,validation,logistic,validation,0.35000000
1000142,2026-05-19 22:11:00+00:00,2026-05-19 22:11:00+00:00,2026-05-19 22:11:00+00:00,2026-05-20,overnight,1.00000000,target,1,28.25000000,1.96460200,1.89415952,111.00001300,107.02001300,4.81415900,0.00000000,1.00000000,logistic,0.95071721,validation,validation,logistic,validation,0.35000000
